year,country,peace,id
2008,Afghanistan,3.153,1.0
2008,Albania,1.247,2.0
2008,Algeria,2.111,3.0
2008,Angola,1.655,4.0
2008,Argentina,1.403,5.0
2008,Armenia,2.035,6.0
2008,Australia,1.14,7.0
2008,Austria,1.011,8.0
2008,Azerbaijan,2.063,9.0
2008,Bahrain,1.403,10.0
2008,Bangladesh,1.832,11.0
2008,Belarus,1.805,12.0
2008,Belgium,1.037,13.0
2008,Benin,2.208,14.0
2008,Bhutan,1.408,15.0
2008,Bolivia,1.403,16.0
2008,BosniaandHerzegovina,1.426,17.0
2008,Botswana,1.0,18.0
2008,Brazil,1.027,19.0
2008,Bulgaria,1.046,20.0
2008,BurkinaFaso,1.604,21.0
2008,Burundi,2.349,22.0
2008,Cambodia,1.403,23.0
2008,Cameroon,1.403,24.0
2008,Canada,1.046,25.0
2008,CentralAfricanRepublic,2.664,26.0
2008,Chad,3.192,27.0
2008,Chile,1.0,28.0
2008,China,1.805,29.0
2008,Colombia,2.472,30.0
2008,CostaRica,1.201,31.0
2008,CotedIvoire,1.897,32.0
2008,Croatia,1.217,33.0
2008,Cuba,1.805,34.0
2008,Cyprus,1.604,35.0
2008,CzechRepublic,1.055,36.0
2008,DemocraticRepublicoftheCongo,2.69,37.0
2008,Denmark,1.076,38.0
2008,Djibouti,1.705,39.0
2008,DominicanRepublic,1.213,40.0
2008,Ecuador,1.811,41.0
2008,Egypt,1.419,42.0
2008,ElSalvador,1.437,43.0
2008,EquatorialGuinea,1.403,44.0
2008,Eritrea,1.815,45.0
2008,Estonia,1.453,46.0
2008,Eswatini,1.0,47.0
2008,Ethiopia,2.39,48.0
2008,Finland,1.011,49.0
2008,France,1.073,50.0
2008,Gabon,1.403,51.0
2008,Georgia,2.672,52.0
2008,Germany,1.055,53.0
2008,Ghana,1.408,54.0
2008,Greece,1.62,55.0
2008,Guatemala,1.408,56.0
2008,Guinea,1.403,57.0
2008,GuineaBissau,1.805,58.0
2008,Guyana,1.403,59.0
2008,Haiti,1.413,60.0
2008,Honduras,1.42,61.0
2008,Hungary,1.213,62.0
2008,Iceland,1.011,63.0
2008,India,2.63,64.0
2008,Indonesia,1.468,65.0
2008,Iran,2.224,66.0
2008,Iraq,3.084,67.0
2008,Ireland,1.213,68.0
2008,Israel,2.525,69.0
2008,Italy,1.073,70.0
2008,Jamaica,1.201,71.0
2008,Japan,1.407,72.0
2008,Jordan,1.211,73.0
2008,Kazakhstan,1.638,74.0
2008,Kenya,2.095,75.0
2008,Kosovo,1.805,76.0
2008,Kuwait,1.407,77.0
2008,KyrgyzRepublic,2.006,78.0
2008,Laos,1.62,79.0
2008,Latvia,1.247,80.0
2008,Lebanon,2.963,81.0
2008,Lesotho,1.201,82.0
2008,Liberia,1.484,83.0
2008,Libya,1.604,84.0
2008,Lithuania,1.256,85.0
2008,Madagascar,1.207,86.0
2008,Malawi,1.403,87.0
2008,Malaysia,1.201,88.0
2008,Mali,1.628,89.0
2008,Mauritania,1.805,90.0
2008,Mauritius,1.0,91.0
2008,Mexico,1.775,92.0
2008,Moldova,1.84,93.0
2008,Mongolia,1.638,94.0
2008,Montenegro,1.403,95.0
2008,Morocco,1.811,96.0
2008,Mozambique,1.604,97.0
2008,Myanmar,2.347,98.0
2008,Namibia,1.413,99.0
2008,Nepal,1.862,100.0
2008,Netherlands,1.064,101.0
2008,NewZealand,1.03,102.0
2008,Nicaragua,1.615,103.0
2008,Niger,1.811,104.0
2008,Nigeria,2.004,105.0
2008,NorthKorea,2.409,106.0
2008,NorthMacedonia,1.448,107.0
2008,Norway,1.064,108.0
2008,Oman,1.0,109.0
2008,Pakistan,2.438,110.0
2008,Palestine,,111.0
2008,Panama,1.201,112.0
2008,PapuaNewGuinea,1.403,113.0
2008,Paraguay,1.0,114.0
2008,Peru,1.403,115.0
2008,Philippines,1.95,116.0
2008,Poland,1.286,117.0
2008,Portugal,1.044,118.0
2008,Qatar,1.022,119.0
2008,RepublicoftheCongo,1.816,120.0
2008,Romania,1.085,121.0
2008,Russia,2.142,122.0
2008,Rwanda,1.65,123.0
2008,SaudiArabia,1.727,124.0
2008,Senegal,1.848,125.0
2008,Serbia,1.604,126.0
2008,SierraLeone,1.408,127.0
2008,Singapore,1.201,128.0
2008,Slovakia,1.277,129.0
2008,Slovenia,1.414,130.0
2008,Somalia,3.196,131.0
2008,SouthAfrica,1.403,132.0
2008,SouthKorea,1.638,133.0
2008,SouthSudan,,134.0
2008,Spain,1.264,135.0
2008,SriLanka,2.43,136.0
2008,Sudan,3.483,137.0
2008,Sweden,1.011,138.0
2008,Switzerland,1.011,139.0
2008,Syria,1.811,140.0
2008,Taiwan,1.805,141.0
2008,Tajikistan,2.213,142.0
2008,Tanzania,1.403,143.0
2008,Thailand,1.96,144.0
2008,TheGambia,1.408,145.0
2008,TimorLeste,1.403,146.0
2008,Togo,1.408,147.0
2008,TrinidadandTobago,1.201,148.0
2008,Tunisia,1.408,149.0
2008,Turkiye,2.309,150.0
2008,Turkmenistan,1.805,151.0
2008,Uganda,2.431,152.0
2008,Ukraine,1.426,153.0
2008,UnitedArabEmirates,1.0,154.0
2008,UnitedKingdom,1.168,155.0
2008,UnitedStatesofAmerica,1.827,156.0
2008,Uruguay,1.201,157.0
2008,Uzbekistan,1.811,158.0
2008,Venezuela,1.821,159.0
2008,Vietnam,1.302,160.0
2008,Yemen,2.012,161.0
2008,Zambia,1.201,162.0
2008,Zimbabwe,2.006,163.0
2009,Afghanistan,3.246,1.0
2009,Albania,1.27,2.0
2009,Algeria,2.149,3.0
2009,Angola,1.827,4.0
2009,Argentina,1.604,5.0
2009,Armenia,2.046,6.0
2009,Australia,1.158,7.0
2009,Austria,1.023,8.0
2009,Azerbaijan,2.086,9.0
2009,Bahrain,1.403,10.0
2009,Bangladesh,1.62,11.0
2009,Belarus,1.805,12.0
2009,Belgium,1.048,13.0
2009,Benin,2.208,14.0
2009,Bhutan,1.408,15.0
2009,Bolivia,1.604,16.0
2009,BosniaandHerzegovina,1.437,17.0
2009,Botswana,1.0,18.0
2009,Brazil,1.022,19.0
2009,Bulgaria,1.069,20.0
2009,BurkinaFaso,1.604,21.0
2009,Burundi,2.304,22.0
2009,Cambodia,1.604,23.0
2009,Cameroon,1.604,24.0
2009,Canada,1.053,25.0
2009,CentralAfricanRepublic,2.255,26.0
2009,Chad,3.033,27.0
2009,Chile,1.0,28.0
2009,China,1.805,29.0
2009,Colombia,2.408,30.0
2009,CostaRica,1.201,31.0
2009,CotedIvoire,1.674,32.0
2009,Croatia,1.329,33.0
2009,Cuba,1.805,34.0
2009,Cyprus,1.604,35.0
2009,CzechRepublic,1.078,36.0
2009,DemocraticRepublicoftheCongo,2.641,37.0
2009,Denmark,1.094,38.0
2009,Djibouti,1.705,39.0
2009,DominicanRepublic,1.213,40.0
2009,Ecuador,1.811,41.0
2009,Egypt,1.419,42.0
2009,ElSalvador,1.448,43.0
2009,EquatorialGuinea,1.403,44.0
2009,Eritrea,1.815,45.0
2009,Estonia,1.476,46.0
2009,Eswatini,1.0,47.0
2009,Ethiopia,2.4,48.0
2009,Finland,1.023,49.0
2009,France,1.085,50.0
2009,Gabon,1.403,51.0
2009,Georgia,2.662,52.0
2009,Germany,1.067,53.0
2009,Ghana,1.403,54.0
2009,Greece,1.426,55.0
2009,Guatemala,1.408,56.0
2009,Guinea,1.614,57.0
2009,GuineaBissau,1.805,58.0
2009,Guyana,1.403,59.0
2009,Haiti,1.615,60.0
2009,Honduras,1.42,61.0
2009,Hungary,1.426,62.0
2009,Iceland,1.023,63.0
2009,India,2.575,64.0
2009,Indonesia,1.441,65.0
2009,Iran,2.034,66.0
2009,Iraq,3.031,67.0
2009,Ireland,1.224,68.0
2009,Israel,2.211,69.0
2009,Italy,1.08,70.0
2009,Jamaica,1.201,71.0
2009,Japan,1.403,72.0
2009,Jordan,1.218,73.0
2009,Kazakhstan,1.65,74.0
2009,Kenya,2.134,75.0
2009,Kosovo,1.805,76.0
2009,Kuwait,1.407,77.0
2009,KyrgyzRepublic,2.006,78.0
2009,Laos,1.408,79.0
2009,Latvia,1.471,80.0
2009,Lebanon,2.425,81.0
2009,Lesotho,1.201,82.0
2009,Liberia,1.451,83.0
2009,Libya,1.604,84.0
2009,Lithuania,1.275,85.0
2009,Madagascar,1.805,86.0
2009,Malawi,1.201,87.0
2009,Malaysia,1.201,88.0
2009,Mali,2.039,89.0
2009,Mauritania,2.047,90.0
2009,Mauritius,1.0,91.0
2009,Mexico,1.917,92.0
2009,Moldova,1.851,93.0
2009,Mongolia,1.65,94.0
2009,Montenegro,1.403,95.0
2009,Morocco,1.811,96.0
2009,Mozambique,1.503,97.0
2009,Myanmar,2.428,98.0
2009,Namibia,1.403,99.0
2009,Nepal,1.725,100.0
2009,Netherlands,1.071,101.0
2009,NewZealand,1.037,102.0
2009,Nicaragua,1.615,103.0
2009,Niger,2.026,104.0
2009,Nigeria,1.951,105.0
2009,NorthKorea,2.409,106.0
2009,NorthMacedonia,1.471,107.0
2009,Norway,1.071,108.0
2009,Oman,1.0,109.0
2009,Pakistan,3.025,110.0
2009,Palestine,,111.0
2009,Panama,1.201,112.0
2009,PapuaNewGuinea,1.403,113.0
2009,Paraguay,1.201,114.0
2009,Peru,1.611,115.0
2009,Philippines,2.178,116.0
2009,Poland,1.305,117.0
2009,Portugal,1.055,118.0
2009,Qatar,1.022,119.0
2009,RepublicoftheCongo,1.604,120.0
2009,Romania,1.103,121.0
2009,Russia,2.332,122.0
2009,Rwanda,1.604,123.0
2009,SaudiArabia,1.453,124.0
2009,Senegal,1.62,125.0
2009,Serbia,1.604,126.0
2009,SierraLeone,1.403,127.0
2009,Singapore,1.201,128.0
2009,Slovakia,1.3,129.0
2009,Slovenia,1.426,130.0
2009,Somalia,3.213,131.0
2009,SouthAfrica,1.805,132.0
2009,SouthKorea,1.65,133.0
2009,SouthSudan,,134.0
2009,Spain,1.271,135.0
2009,SriLanka,2.475,136.0
2009,Sudan,3.388,137.0
2009,Sweden,1.023,138.0
2009,Switzerland,1.023,139.0
2009,Syria,2.012,140.0
2009,Taiwan,1.805,141.0
2009,Tajikistan,2.213,142.0
2009,Tanzania,1.434,143.0
2009,Thailand,2.162,144.0
2009,TheGambia,1.408,145.0
2009,TimorLeste,1.403,146.0
2009,Togo,1.408,147.0
2009,TrinidadandTobago,1.201,148.0
2009,Tunisia,1.403,149.0
2009,Turkiye,2.467,150.0
2009,Turkmenistan,1.805,151.0
2009,Uganda,2.192,152.0
2009,Ukraine,1.627,153.0
2009,UnitedArabEmirates,1.0,154.0
2009,UnitedKingdom,1.191,155.0
2009,UnitedStatesofAmerica,1.872,156.0
2009,Uruguay,1.201,157.0
2009,Uzbekistan,1.811,158.0
2009,Venezuela,1.827,159.0
2009,Vietnam,1.302,160.0
2009,Yemen,2.012,161.0
2009,Zambia,1.201,162.0
2009,Zimbabwe,2.308,163.0
2010,Afghanistan,3.087,1.0
2010,Albania,1.293,2.0
2010,Algeria,2.109,3.0
2010,Angola,1.615,4.0
2010,Argentina,1.604,5.0
2010,Armenia,2.076,6.0
2010,Australia,1.103,7.0
2010,Austria,1.034,8.0
2010,Azerbaijan,2.123,9.0
2010,Bahrain,1.403,10.0
2010,Bangladesh,1.62,11.0
2010,Belarus,1.805,12.0
2010,Belgium,1.06,13.0
2010,Benin,2.208,14.0
2010,Bhutan,1.408,15.0
2010,Bolivia,1.604,16.0
2010,BosniaandHerzegovina,1.448,17.0
2010,Botswana,1.0,18.0
2010,Brazil,1.016,19.0
2010,Bulgaria,1.092,20.0
2010,BurkinaFaso,1.604,21.0
2010,Burundi,2.315,22.0
2010,Cambodia,1.604,23.0
2010,Cameroon,1.604,24.0
2010,Canada,1.261,25.0
2010,CentralAfricanRepublic,2.057,26.0
2010,Chad,3.052,27.0
2010,Chile,1.0,28.0
2010,China,2.031,29.0
2010,Colombia,2.363,30.0
2010,CostaRica,1.101,31.0
2010,CotedIvoire,1.647,32.0
2010,Croatia,1.24,33.0
2010,Cuba,1.805,34.0
2010,Cyprus,1.604,35.0
2010,CzechRepublic,1.106,36.0
2010,DemocraticRepublicoftheCongo,2.644,37.0
2010,Denmark,1.096,38.0
2010,Djibouti,1.913,39.0
2010,DominicanRepublic,1.213,40.0
2010,Ecuador,1.71,41.0
2010,Egypt,1.419,42.0
2010,ElSalvador,1.661,43.0
2010,EquatorialGuinea,1.403,44.0
2010,Eritrea,2.057,45.0
2010,Estonia,1.499,46.0
2010,Eswatini,1.0,47.0
2010,Ethiopia,2.355,48.0
2010,Finland,1.034,49.0
2010,France,1.087,50.0
2010,Gabon,1.604,51.0
2010,Georgia,2.769,52.0
2010,Germany,1.073,53.0
2010,Ghana,1.616,54.0
2010,Greece,1.437,55.0
2010,Guatemala,1.817,56.0
2010,Guinea,1.408,57.0
2010,GuineaBissau,1.805,58.0
2010,Guyana,1.611,59.0
2010,Haiti,1.615,60.0
2010,Honduras,1.822,61.0
2010,Hungary,1.437,62.0
2010,Iceland,1.034,63.0
2010,India,2.763,64.0
2010,Indonesia,1.424,65.0
2010,Iran,2.279,66.0
2010,Iraq,2.956,67.0
2010,Ireland,1.236,68.0
2010,Israel,2.327,69.0
2010,Italy,1.083,70.0
2010,Jamaica,1.201,71.0
2010,Japan,1.403,72.0
2010,Jordan,1.218,73.0
2010,Kazakhstan,1.661,74.0
2010,Kenya,2.309,75.0
2010,Kosovo,1.805,76.0
2010,Kuwait,1.206,77.0
2010,KyrgyzRepublic,2.006,78.0
2010,Laos,1.408,79.0
2010,Latvia,1.293,80.0
2010,Lebanon,2.434,81.0
2010,Lesotho,1.201,82.0
2010,Liberia,1.403,83.0
2010,Libya,1.604,84.0
2010,Lithuania,1.293,85.0
2010,Madagascar,1.805,86.0
2010,Malawi,1.201,87.0
2010,Malaysia,1.201,88.0
2010,Mali,2.051,89.0
2010,Mauritania,1.609,90.0
2010,Mauritius,1.0,91.0
2010,Mexico,1.968,92.0
2010,Moldova,1.863,93.0
2010,Mongolia,1.661,94.0
2010,Montenegro,1.403,95.0
2010,Morocco,1.805,96.0
2010,Mozambique,1.503,97.0
2010,Myanmar,2.329,98.0
2010,Namibia,1.403,99.0
2010,Nepal,1.489,100.0
2010,Netherlands,1.073,101.0
2010,NewZealand,1.039,102.0
2010,Nicaragua,1.414,103.0
2010,Niger,2.025,104.0
2010,Nigeria,1.982,105.0
2010,NorthKorea,2.409,106.0
2010,NorthMacedonia,1.483,107.0
2010,Norway,1.073,108.0
2010,Oman,1.0,109.0
2010,Pakistan,3.078,110.0
2010,Palestine,,111.0
2010,Panama,1.201,112.0
2010,PapuaNewGuinea,1.403,113.0
2010,Paraguay,1.403,114.0
2010,Peru,1.618,115.0
2010,Philippines,2.189,116.0
2010,Poland,1.52,117.0
2010,Portugal,1.067,118.0
2010,Qatar,1.022,119.0
2010,RepublicoftheCongo,1.604,120.0
2010,Romania,1.122,121.0
2010,Russia,2.189,122.0
2010,Rwanda,1.604,123.0
2010,SaudiArabia,1.832,124.0
2010,Senegal,1.816,125.0
2010,Serbia,1.604,126.0
2010,SierraLeone,1.403,127.0
2010,Singapore,1.201,128.0
2010,Slovakia,1.508,129.0
2010,Slovenia,1.437,130.0
2010,Somalia,3.234,131.0
2010,SouthAfrica,1.805,132.0
2010,SouthKorea,1.661,133.0
2010,SouthSudan,,134.0
2010,Spain,1.278,135.0
2010,SriLanka,2.859,136.0
2010,Sudan,3.154,137.0
2010,Sweden,1.034,138.0
2010,Switzerland,1.023,139.0
2010,Syria,2.026,140.0
2010,Taiwan,1.805,141.0
2010,Tajikistan,2.213,142.0
2010,Tanzania,1.408,143.0
2010,Thailand,2.134,144.0
2010,TheGambia,1.408,145.0
2010,TimorLeste,1.403,146.0
2010,Togo,1.408,147.0
2010,TrinidadandTobago,1.201,148.0
2010,Tunisia,1.403,149.0
2010,Turkiye,2.46,150.0
2010,Turkmenistan,2.006,151.0
2010,Uganda,1.901,152.0
2010,Ukraine,1.638,153.0
2010,UnitedArabEmirates,1.0,154.0
2010,UnitedKingdom,1.136,155.0
2010,UnitedStatesofAmerica,1.756,156.0
2010,Uruguay,1.201,157.0
2010,Uzbekistan,2.012,158.0
2010,Venezuela,2.13,159.0
2010,Vietnam,1.302,160.0
2010,Yemen,2.201,161.0
2010,Zambia,1.201,162.0
2010,Zimbabwe,2.261,163.0
2011,Afghanistan,3.038,1.0
2011,Albania,1.293,2.0
2011,Algeria,2.352,3.0
2011,Angola,1.816,4.0
2011,Argentina,1.403,5.0
2011,Armenia,2.076,6.0
2011,Australia,1.115,7.0
2011,Austria,1.034,8.0
2011,Azerbaijan,2.109,9.0
2011,Bahrain,1.805,10.0
2011,Bangladesh,1.615,11.0
2011,Belarus,1.805,12.0
2011,Belgium,1.062,13.0
2011,Benin,2.208,14.0
2011,Bhutan,1.403,15.0
2011,Bolivia,1.604,16.0
2011,BosniaandHerzegovina,1.46,17.0
2011,Botswana,1.0,18.0
2011,Brazil,1.216,19.0
2011,Bulgaria,1.092,20.0
2011,BurkinaFaso,1.403,21.0
2011,Burundi,2.055,22.0
2011,Cambodia,1.604,23.0
2011,Cameroon,1.604,24.0
2011,Canada,1.167,25.0
2011,CentralAfricanRepublic,2.307,26.0
2011,Chad,2.323,27.0
2011,Chile,1.0,28.0
2011,China,2.062,29.0
2011,Colombia,2.156,30.0
2011,CostaRica,1.403,31.0
2011,CotedIvoire,1.821,32.0
2011,Croatia,1.252,33.0
2011,Cuba,1.805,34.0
2011,Cyprus,1.604,35.0
2011,CzechRepublic,1.101,36.0
2011,DemocraticRepublicoftheCongo,2.823,37.0
2011,Denmark,1.096,38.0
2011,Djibouti,1.71,39.0
2011,DominicanRepublic,1.302,40.0
2011,Ecuador,1.609,41.0
2011,Egypt,1.615,42.0
2011,ElSalvador,1.661,43.0
2011,EquatorialGuinea,1.604,44.0
2011,Eritrea,1.856,45.0
2011,Estonia,1.51,46.0
2011,Eswatini,1.201,47.0
2011,Ethiopia,2.421,48.0
2011,Finland,1.046,49.0
2011,France,1.094,50.0
2011,Gabon,1.604,51.0
2011,Georgia,2.282,52.0
2011,Germany,1.08,53.0
2011,Ghana,1.408,54.0
2011,Greece,1.448,55.0
2011,Guatemala,1.816,56.0
2011,Guinea,1.643,57.0
2011,GuineaBissau,1.805,58.0
2011,Guyana,1.408,59.0
2011,Haiti,1.609,60.0
2011,Honduras,1.503,61.0
2011,Hungary,1.448,62.0
2011,Iceland,1.046,63.0
2011,India,2.735,64.0
2011,Indonesia,1.408,65.0
2011,Iran,2.469,66.0
2011,Iraq,2.621,67.0
2011,Ireland,1.236,68.0
2011,Israel,2.177,69.0
2011,Italy,1.073,70.0
2011,Jamaica,1.201,71.0
2011,Japan,1.403,72.0
2011,Jordan,1.223,73.0
2011,Kazakhstan,1.65,74.0
2011,Kenya,2.195,75.0
2011,Kosovo,1.805,76.0
2011,Kuwait,1.206,77.0
2011,KyrgyzRepublic,2.006,78.0
2011,Laos,1.408,79.0
2011,Latvia,1.293,80.0
2011,Lebanon,2.229,81.0
2011,Lesotho,1.201,82.0
2011,Liberia,1.403,83.0
2011,Libya,2.409,84.0
2011,Lithuania,1.293,85.0
2011,Madagascar,2.024,86.0
2011,Malawi,1.201,87.0
2011,Malaysia,1.0,88.0
2011,Mali,2.055,89.0
2011,Mauritania,1.623,90.0
2011,Mauritius,1.0,91.0
2011,Mexico,2.054,92.0
2011,Moldova,1.851,93.0
2011,Mongolia,1.448,94.0
2011,Montenegro,1.403,95.0
2011,Morocco,1.805,96.0
2011,Mozambique,1.604,97.0
2011,Myanmar,2.15,98.0
2011,Namibia,1.403,99.0
2011,Nepal,1.457,100.0
2011,Netherlands,1.078,101.0
2011,NewZealand,1.046,102.0
2011,Nicaragua,1.503,103.0
2011,Niger,1.816,104.0
2011,Nigeria,1.95,105.0
2011,NorthKorea,2.61,106.0
2011,NorthMacedonia,1.483,107.0
2011,Norway,1.073,108.0
2011,Oman,1.201,109.0
2011,Pakistan,3.199,110.0
2011,Palestine,,111.0
2011,Panama,1.201,112.0
2011,PapuaNewGuinea,1.403,113.0
2011,Paraguay,1.403,114.0
2011,Peru,1.521,115.0
2011,Philippines,2.248,116.0
2011,Poland,1.309,117.0
2011,Portugal,1.057,118.0
2011,Qatar,1.201,119.0
2011,RepublicoftheCongo,1.604,120.0
2011,Romania,1.117,121.0
2011,Russia,2.22,122.0
2011,Rwanda,2.143,123.0
2011,SaudiArabia,1.62,124.0
2011,Senegal,1.816,125.0
2011,Serbia,1.604,126.0
2011,SierraLeone,1.403,127.0
2011,Singapore,1.011,128.0
2011,Slovakia,1.499,129.0
2011,Slovenia,1.448,130.0
2011,Somalia,3.239,131.0
2011,SouthAfrica,1.805,132.0
2011,SouthKorea,1.851,133.0
2011,SouthSudan,,134.0
2011,Spain,1.263,135.0
2011,SriLanka,2.539,136.0
2011,Sudan,3.24,137.0
2011,Sweden,1.046,138.0
2011,Switzerland,1.023,139.0
2011,Syria,2.012,140.0
2011,Taiwan,1.805,141.0
2011,Tajikistan,2.213,142.0
2011,Tanzania,1.408,143.0
2011,Thailand,2.119,144.0
2011,TheGambia,1.408,145.0
2011,TimorLeste,1.403,146.0
2011,Togo,1.408,147.0
2011,TrinidadandTobago,1.201,148.0
2011,Tunisia,1.604,149.0
2011,Turkiye,2.109,150.0
2011,Turkmenistan,1.906,151.0
2011,Uganda,2.189,152.0
2011,Ukraine,1.437,153.0
2011,UnitedArabEmirates,1.213,154.0
2011,UnitedKingdom,1.143,155.0
2011,UnitedStatesofAmerica,1.796,156.0
2011,Uruguay,1.0,157.0
2011,Uzbekistan,2.006,158.0
2011,Venezuela,2.029,159.0
2011,Vietnam,1.302,160.0
2011,Yemen,2.233,161.0
2011,Zambia,1.0,162.0
2011,Zimbabwe,2.012,163.0
2012,Afghanistan,3.069,1.0
2012,Albania,1.293,2.0
2012,Algeria,2.094,3.0
2012,Angola,1.615,4.0
2012,Argentina,1.403,5.0
2012,Armenia,2.071,6.0
2012,Australia,1.103,7.0
2012,Austria,1.046,8.0
2012,Azerbaijan,2.197,9.0
2012,Bahrain,2.006,10.0
2012,Bangladesh,1.609,11.0
2012,Belarus,1.805,12.0
2012,Belgium,1.057,13.0
2012,Benin,2.208,14.0
2012,Bhutan,1.403,15.0
2012,Bolivia,1.604,16.0
2012,BosniaandHerzegovina,1.46,17.0
2012,Botswana,1.0,18.0
2012,Brazil,1.005,19.0
2012,Bulgaria,1.092,20.0
2012,BurkinaFaso,1.403,21.0
2012,Burundi,2.039,22.0
2012,Cambodia,1.604,23.0
2012,Cameroon,1.604,24.0
2012,Canada,1.167,25.0
2012,CentralAfricanRepublic,2.308,26.0
2012,Chad,2.383,27.0
2012,Chile,1.0,28.0
2012,China,1.827,29.0
2012,Colombia,2.123,30.0
2012,CostaRica,1.403,31.0
2012,CotedIvoire,2.016,32.0
2012,Croatia,1.259,33.0
2012,Cuba,1.805,34.0
2012,Cyprus,1.604,35.0
2012,CzechRepublic,1.302,36.0
2012,DemocraticRepublicoftheCongo,2.576,37.0
2012,Denmark,1.08,38.0
2012,Djibouti,1.71,39.0
2012,DominicanRepublic,1.302,40.0
2012,Ecuador,1.609,41.0
2012,Egypt,1.719,42.0
2012,ElSalvador,1.65,43.0
2012,EquatorialGuinea,1.403,44.0
2012,Eritrea,1.956,45.0
2012,Estonia,1.506,46.0
2012,Eswatini,1.403,47.0
2012,Ethiopia,2.532,48.0
2012,Finland,1.057,49.0
2012,France,1.112,50.0
2012,Gabon,1.604,51.0
2012,Georgia,2.282,52.0
2012,Germany,1.08,53.0
2012,Ghana,1.408,54.0
2012,Greece,1.46,55.0
2012,Guatemala,1.811,56.0
2012,Guinea,1.413,57.0
2012,GuineaBissau,1.805,58.0
2012,Guyana,1.408,59.0
2012,Haiti,1.604,60.0
2012,Honduras,1.823,61.0
2012,Hungary,1.46,62.0
2012,Iceland,1.057,63.0
2012,India,2.507,64.0
2012,Indonesia,1.403,65.0
2012,Iran,2.457,66.0
2012,Iraq,2.505,67.0
2012,Ireland,1.247,68.0
2012,Israel,2.163,69.0
2012,Italy,1.057,70.0
2012,Jamaica,1.201,71.0
2012,Japan,1.403,72.0
2012,Jordan,1.435,73.0
2012,Kazakhstan,1.638,74.0
2012,Kenya,2.165,75.0
2012,Kosovo,1.805,76.0
2012,Kuwait,1.403,77.0
2012,KyrgyzRepublic,2.218,78.0
2012,Laos,1.408,79.0
2012,Latvia,1.293,80.0
2012,Lebanon,2.431,81.0
2012,Lesotho,1.201,82.0
2012,Liberia,1.403,83.0
2012,Libya,2.208,84.0
2012,Lithuania,1.293,85.0
2012,Madagascar,1.816,86.0
2012,Malawi,1.201,87.0
2012,Malaysia,1.011,88.0
2012,Mali,2.131,89.0
2012,Mauritania,1.696,90.0
2012,Mauritius,1.0,91.0
2012,Mexico,2.114,92.0
2012,Moldova,1.84,93.0
2012,Mongolia,1.448,94.0
2012,Montenegro,1.414,95.0
2012,Morocco,1.805,96.0
2012,Mozambique,1.403,97.0
2012,Myanmar,2.193,98.0
2012,Namibia,1.201,99.0
2012,Nepal,1.424,100.0
2012,Netherlands,1.067,101.0
2012,NewZealand,1.057,102.0
2012,Nicaragua,1.503,103.0
2012,Niger,1.816,104.0
2012,Nigeria,2.261,105.0
2012,NorthKorea,2.61,106.0
2012,NorthMacedonia,1.483,107.0
2012,Norway,1.057,108.0
2012,Oman,1.403,109.0
2012,Pakistan,3.055,110.0
2012,Palestine,,111.0
2012,Panama,1.201,112.0
2012,PapuaNewGuinea,1.403,113.0
2012,Paraguay,1.403,114.0
2012,Peru,1.481,115.0
2012,Philippines,2.146,116.0
2012,Poland,1.293,117.0
2012,Portugal,1.057,118.0
2012,Qatar,1.302,119.0
2012,RepublicoftheCongo,1.604,120.0
2012,Romania,1.106,121.0
2012,Russia,2.175,122.0
2012,Rwanda,2.132,123.0
2012,SaudiArabia,1.816,124.0
2012,Senegal,1.811,125.0
2012,Serbia,1.604,126.0
2012,SierraLeone,1.403,127.0
2012,Singapore,1.023,128.0
2012,Slovakia,1.483,129.0
2012,Slovenia,1.46,130.0
2012,Somalia,3.299,131.0
2012,SouthAfrica,1.805,132.0
2012,SouthKorea,1.851,133.0
2012,SouthSudan,2.208,134.0
2012,Spain,1.057,135.0
2012,SriLanka,1.924,136.0
2012,Sudan,3.191,137.0
2012,Sweden,1.057,138.0
2012,Switzerland,1.023,139.0
2012,Syria,2.616,140.0
2012,Taiwan,1.604,141.0
2012,Tajikistan,2.43,142.0
2012,Tanzania,1.408,143.0
2012,Thailand,2.11,144.0
2012,TheGambia,1.604,145.0
2012,TimorLeste,1.403,146.0
2012,Togo,1.403,147.0
2012,TrinidadandTobago,1.403,148.0
2012,Tunisia,1.604,149.0
2012,Turkiye,2.13,150.0
2012,Turkmenistan,1.906,151.0
2012,Uganda,2.144,152.0
2012,Ukraine,1.437,153.0
2012,UnitedArabEmirates,1.238,154.0
2012,UnitedKingdom,1.126,155.0
2012,UnitedStatesofAmerica,1.83,156.0
2012,Uruguay,1.0,157.0
2012,Uzbekistan,2.006,158.0
2012,Venezuela,1.721,159.0
2012,Vietnam,1.302,160.0
2012,Yemen,2.261,161.0
2012,Zambia,1.0,162.0
2012,Zimbabwe,2.012,163.0
2013,Afghanistan,3.101,1.0
2013,Albania,1.282,2.0
2013,Algeria,2.093,3.0
2013,Angola,1.615,4.0
2013,Argentina,1.604,5.0
2013,Armenia,2.071,6.0
2013,Australia,1.092,7.0
2013,Austria,1.046,8.0
2013,Azerbaijan,2.112,9.0
2013,Bahrain,1.994,10.0
2013,Bangladesh,1.604,11.0
2013,Belarus,1.805,12.0
2013,Belgium,1.057,13.0
2013,Benin,2.006,14.0
2013,Bhutan,1.403,15.0
2013,Bolivia,1.604,16.0
2013,BosniaandHerzegovina,1.46,17.0
2013,Botswana,1.0,18.0
2013,Brazil,1.214,19.0
2013,Bulgaria,1.08,20.0
2013,BurkinaFaso,1.403,21.0
2013,Burundi,2.028,22.0
2013,Cambodia,1.756,23.0
2013,Cameroon,1.604,24.0
2013,Canada,1.067,25.0
2013,CentralAfricanRepublic,2.527,26.0
2013,Chad,2.044,27.0
2013,Chile,1.0,28.0
2013,China,1.827,29.0
2013,Colombia,2.08,30.0
2013,CostaRica,1.403,31.0
2013,CotedIvoire,2.257,32.0
2013,Croatia,1.259,33.0
2013,Cuba,1.805,34.0
2013,Cyprus,1.604,35.0
2013,CzechRepublic,1.291,36.0
2013,DemocraticRepublicoftheCongo,2.708,37.0
2013,Denmark,1.069,38.0
2013,Djibouti,1.609,39.0
2013,DominicanRepublic,1.403,40.0
2013,Ecuador,1.609,41.0
2013,Egypt,1.818,42.0
2013,ElSalvador,1.448,43.0
2013,EquatorialGuinea,1.403,44.0
2013,Eritrea,1.851,45.0
2013,Estonia,1.494,46.0
2013,Eswatini,1.403,47.0
2013,Ethiopia,2.401,48.0
2013,Finland,1.057,49.0
2013,France,1.094,50.0
2013,Gabon,1.604,51.0
2013,Georgia,2.282,52.0
2013,Germany,1.076,53.0
2013,Ghana,1.408,54.0
2013,Greece,1.46,55.0
2013,Guatemala,1.817,56.0
2013,Guinea,1.621,57.0
2013,GuineaBissau,1.805,58.0
2013,Guyana,1.408,59.0
2013,Haiti,1.604,60.0
2013,Honduras,1.615,61.0
2013,Hungary,1.46,62.0
2013,Iceland,1.057,63.0
2013,India,2.416,64.0
2013,Indonesia,1.403,65.0
2013,Iran,2.554,66.0
2013,Iraq,2.649,67.0
2013,Ireland,1.247,68.0
2013,Israel,2.211,69.0
2013,Italy,1.057,70.0
2013,Jamaica,1.201,71.0
2013,Japan,1.403,72.0
2013,Jordan,1.439,73.0
2013,Kazakhstan,1.426,74.0
2013,Kenya,2.408,75.0
2013,Kosovo,1.805,76.0
2013,Kuwait,1.403,77.0
2013,KyrgyzRepublic,2.012,78.0
2013,Laos,1.403,79.0
2013,Latvia,1.282,80.0
2013,Lebanon,2.462,81.0
2013,Lesotho,1.201,82.0
2013,Liberia,1.403,83.0
2013,Libya,2.381,84.0
2013,Lithuania,1.282,85.0
2013,Madagascar,1.816,86.0
2013,Malawi,1.201,87.0
2013,Malaysia,1.023,88.0
2013,Mali,1.838,89.0
2013,Mauritania,1.62,90.0
2013,Mauritius,1.0,91.0
2013,Mexico,1.926,92.0
2013,Moldova,1.828,93.0
2013,Mongolia,1.448,94.0
2013,Montenegro,1.426,95.0
2013,Morocco,1.805,96.0
2013,Mozambique,1.604,97.0
2013,Myanmar,2.248,98.0
2013,Namibia,1.201,99.0
2013,Nepal,1.408,100.0
2013,Netherlands,1.067,101.0
2013,NewZealand,1.057,102.0
2013,Nicaragua,1.403,103.0
2013,Niger,1.615,104.0
2013,Nigeria,2.374,105.0
2013,NorthKorea,2.61,106.0
2013,NorthMacedonia,1.673,107.0
2013,Norway,1.057,108.0
2013,Oman,1.403,109.0
2013,Pakistan,3.146,110.0
2013,Palestine,,111.0
2013,Panama,1.201,112.0
2013,PapuaNewGuinea,1.403,113.0
2013,Paraguay,1.805,114.0
2013,Peru,1.424,115.0
2013,Philippines,2.165,116.0
2013,Poland,1.282,117.0
2013,Portugal,1.057,118.0
2013,Qatar,1.403,119.0
2013,RepublicoftheCongo,1.604,120.0
2013,Romania,1.094,121.0
2013,Russia,2.167,122.0
2013,Rwanda,2.345,123.0
2013,SaudiArabia,1.811,124.0
2013,Senegal,2.178,125.0
2013,Serbia,1.604,126.0
2013,SierraLeone,1.403,127.0
2013,Singapore,1.034,128.0
2013,Slovakia,1.471,129.0
2013,Slovenia,1.46,130.0
2013,Somalia,3.114,131.0
2013,SouthAfrica,1.805,132.0
2013,SouthKorea,1.851,133.0
2013,SouthSudan,2.761,134.0
2013,Spain,1.057,135.0
2013,SriLanka,1.886,136.0
2013,Sudan,3.058,137.0
2013,Sweden,1.057,138.0
2013,Switzerland,1.011,139.0
2013,Syria,3.224,140.0
2013,Taiwan,1.604,141.0
2013,Tajikistan,2.421,142.0
2013,Tanzania,1.408,143.0
2013,Thailand,2.146,144.0
2013,TheGambia,1.604,145.0
2013,TimorLeste,1.403,146.0
2013,Togo,1.403,147.0
2013,TrinidadandTobago,1.201,148.0
2013,Tunisia,1.805,149.0
2013,Turkiye,2.375,150.0
2013,Turkmenistan,1.805,151.0
2013,Uganda,1.909,152.0
2013,Ukraine,1.65,153.0
2013,UnitedArabEmirates,1.241,154.0
2013,UnitedKingdom,1.115,155.0
2013,UnitedStatesofAmerica,1.806,156.0
2013,Uruguay,1.0,157.0
2013,Uzbekistan,2.006,158.0
2013,Venezuela,1.62,159.0
2013,Vietnam,1.403,160.0
2013,Yemen,2.474,161.0
2013,Zambia,1.0,162.0
2013,Zimbabwe,2.058,163.0
2014,Afghanistan,3.095,1.0
2014,Albania,1.27,2.0
2014,Algeria,2.087,3.0
2014,Angola,1.609,4.0
2014,Argentina,1.403,5.0
2014,Armenia,2.155,6.0
2014,Australia,1.08,7.0
2014,Austria,1.046,8.0
2014,Azerbaijan,2.15,9.0
2014,Bahrain,1.822,10.0
2014,Bangladesh,1.604,11.0
2014,Belarus,1.805,12.0
2014,Belgium,1.057,13.0
2014,Benin,2.006,14.0
2014,Bhutan,1.403,15.0
2014,Bolivia,1.403,16.0
2014,BosniaandHerzegovina,1.46,17.0
2014,Botswana,1.0,18.0
2014,Brazil,1.266,19.0
2014,Bulgaria,1.069,20.0
2014,BurkinaFaso,1.403,21.0
2014,Burundi,2.029,22.0
2014,Cambodia,1.609,23.0
2014,Cameroon,1.805,24.0
2014,Canada,1.067,25.0
2014,CentralAfricanRepublic,2.927,26.0
2014,Chad,2.266,27.0
2014,Chile,1.0,28.0
2014,China,1.827,29.0
2014,Colombia,2.081,30.0
2014,CostaRica,1.403,31.0
2014,CotedIvoire,1.843,32.0
2014,Croatia,1.259,33.0
2014,Cuba,1.805,34.0
2014,Cyprus,1.604,35.0
2014,CzechRepublic,1.279,36.0
2014,DemocraticRepublicoftheCongo,2.906,37.0
2014,Denmark,1.057,38.0
2014,Djibouti,1.621,39.0
2014,DominicanRepublic,1.403,40.0
2014,Ecuador,1.609,41.0
2014,Egypt,2.234,42.0
2014,ElSalvador,1.448,43.0
2014,EquatorialGuinea,1.403,44.0
2014,Eritrea,1.851,45.0
2014,Estonia,1.282,46.0
2014,Eswatini,1.403,47.0
2014,Ethiopia,2.253,48.0
2014,Finland,1.057,49.0
2014,France,1.094,50.0
2014,Gabon,1.403,51.0
2014,Georgia,1.879,52.0
2014,Germany,1.071,53.0
2014,Ghana,1.42,54.0
2014,Greece,1.661,55.0
2014,Guatemala,1.615,56.0
2014,Guinea,1.413,57.0
2014,GuineaBissau,1.805,58.0
2014,Guyana,1.408,59.0
2014,Haiti,1.604,60.0
2014,Honduras,1.615,61.0
2014,Hungary,1.46,62.0
2014,Iceland,1.057,63.0
2014,India,2.413,64.0
2014,Indonesia,1.403,65.0
2014,Iran,2.235,66.0
2014,Iraq,2.61,67.0
2014,Ireland,1.247,68.0
2014,Israel,2.104,69.0
2014,Italy,1.057,70.0
2014,Jamaica,1.201,71.0
2014,Japan,1.403,72.0
2014,Jordan,1.432,73.0
2014,Kazakhstan,1.615,74.0
2014,Kenya,2.233,75.0
2014,Kosovo,1.805,76.0
2014,Kuwait,1.403,77.0
2014,KyrgyzRepublic,2.012,78.0
2014,Laos,1.403,79.0
2014,Latvia,1.27,80.0
2014,Lebanon,2.671,81.0
2014,Lesotho,1.201,82.0
2014,Liberia,1.403,83.0
2014,Libya,2.123,84.0
2014,Lithuania,1.27,85.0
2014,Madagascar,1.413,86.0
2014,Malawi,1.403,87.0
2014,Malaysia,1.034,88.0
2014,Mali,2.126,89.0
2014,Mauritania,1.615,90.0
2014,Mauritius,1.0,91.0
2014,Mexico,1.871,92.0
2014,Moldova,1.817,93.0
2014,Mongolia,1.247,94.0
2014,Montenegro,1.437,95.0
2014,Morocco,1.805,96.0
2014,Mozambique,1.805,97.0
2014,Myanmar,2.277,98.0
2014,Namibia,1.201,99.0
2014,Nepal,1.403,100.0
2014,Netherlands,1.067,101.0
2014,NewZealand,1.057,102.0
2014,Nicaragua,1.403,103.0
2014,Niger,1.628,104.0
2014,Nigeria,2.435,105.0
2014,NorthKorea,2.61,106.0
2014,NorthMacedonia,1.661,107.0
2014,Norway,1.057,108.0
2014,Oman,1.403,109.0
2014,Pakistan,3.146,110.0
2014,Palestine,,111.0
2014,Panama,1.201,112.0
2014,PapuaNewGuinea,1.616,113.0
2014,Paraguay,1.604,114.0
2014,Peru,1.419,115.0
2014,Philippines,2.345,116.0
2014,Poland,1.27,117.0
2014,Portugal,1.057,118.0
2014,Qatar,1.403,119.0
2014,RepublicoftheCongo,1.604,120.0
2014,Romania,1.083,121.0
2014,Russia,2.541,122.0
2014,Rwanda,2.369,123.0
2014,SaudiArabia,1.805,124.0
2014,Senegal,1.811,125.0
2014,Serbia,1.604,126.0
2014,SierraLeone,1.414,127.0
2014,Singapore,1.046,128.0
2014,Slovakia,1.46,129.0
2014,Slovenia,1.46,130.0
2014,Somalia,3.239,131.0
2014,SouthAfrica,1.805,132.0
2014,SouthKorea,1.851,133.0
2014,SouthSudan,3.175,134.0
2014,Spain,1.057,135.0
2014,SriLanka,1.859,136.0
2014,Sudan,3.022,137.0
2014,Sweden,1.057,138.0
2014,Switzerland,1.0,139.0
2014,Syria,3.535,140.0
2014,Taiwan,1.604,141.0
2014,Tajikistan,2.219,142.0
2014,Tanzania,1.403,143.0
2014,Thailand,2.116,144.0
2014,TheGambia,1.604,145.0
2014,TimorLeste,1.403,146.0
2014,Togo,1.403,147.0
2014,TrinidadandTobago,1.201,148.0
2014,Tunisia,1.805,149.0
2014,Turkiye,2.275,150.0
2014,Turkmenistan,1.604,151.0
2014,Uganda,1.906,152.0
2014,Ukraine,2.466,153.0
2014,UnitedArabEmirates,1.253,154.0
2014,UnitedKingdom,1.103,155.0
2014,UnitedStatesofAmerica,1.769,156.0
2014,Uruguay,1.0,157.0
2014,Uzbekistan,1.805,158.0
2014,Venezuela,1.822,159.0
2014,Vietnam,1.403,160.0
2014,Yemen,2.543,161.0
2014,Zambia,1.201,162.0
2014,Zimbabwe,1.857,163.0
2015,Afghanistan,3.108,1.0
2015,Albania,1.259,2.0
2015,Algeria,2.088,3.0
2015,Angola,1.408,4.0
2015,Argentina,1.403,5.0
2015,Armenia,2.072,6.0
2015,Australia,1.069,7.0
2015,Austria,1.046,8.0
2015,Azerbaijan,2.129,9.0
2015,Bahrain,1.822,10.0
2015,Bangladesh,1.817,11.0
2015,Belarus,1.805,12.0
2015,Belgium,1.062,13.0
2015,Benin,1.407,14.0
2015,Bhutan,1.403,15.0
2015,Bolivia,1.403,16.0
2015,BosniaandHerzegovina,1.46,17.0
2015,Botswana,1.0,18.0
2015,Brazil,1.016,19.0
2015,Bulgaria,1.057,20.0
2015,BurkinaFaso,1.407,21.0
2015,Burundi,2.027,22.0
2015,Cambodia,1.413,23.0
2015,Cameroon,2.021,24.0
2015,Canada,1.067,25.0
2015,CentralAfricanRepublic,3.088,26.0
2015,Chad,2.11,27.0
2015,Chile,1.0,28.0
2015,China,1.821,29.0
2015,Colombia,2.063,30.0
2015,CostaRica,1.201,31.0
2015,CotedIvoire,1.646,32.0
2015,Croatia,1.259,33.0
2015,Cuba,1.805,34.0
2015,Cyprus,1.604,35.0
2015,CzechRepublic,1.263,36.0
2015,DemocraticRepublicoftheCongo,2.75,37.0
2015,Denmark,1.057,38.0
2015,Djibouti,1.62,39.0
2015,DominicanRepublic,1.403,40.0
2015,Ecuador,1.604,41.0
2015,Egypt,1.851,42.0
2015,ElSalvador,1.448,43.0
2015,EquatorialGuinea,1.403,44.0
2015,Eritrea,1.805,45.0
2015,Estonia,1.476,46.0
2015,Eswatini,1.403,47.0
2015,Ethiopia,2.166,48.0
2015,Finland,1.062,49.0
2015,France,1.099,50.0
2015,Gabon,1.604,51.0
2015,Georgia,1.863,52.0
2015,Germany,1.071,53.0
2015,Ghana,1.423,54.0
2015,Greece,1.661,55.0
2015,Guatemala,1.609,56.0
2015,Guinea,1.64,57.0
2015,GuineaBissau,1.608,58.0
2015,Guyana,1.403,59.0
2015,Haiti,1.604,60.0
2015,Honduras,1.413,61.0
2015,Hungary,1.46,62.0
2015,Iceland,1.057,63.0
2015,India,2.355,64.0
2015,Indonesia,1.403,65.0
2015,Iran,2.229,66.0
2015,Iraq,2.958,67.0
2015,Ireland,1.247,68.0
2015,Israel,2.099,69.0
2015,Italy,1.062,70.0
2015,Jamaica,1.201,71.0
2015,Japan,1.403,72.0
2015,Jordan,1.643,73.0
2015,Kazakhstan,1.604,74.0
2015,Kenya,2.184,75.0
2015,Kosovo,1.805,76.0
2015,Kuwait,1.403,77.0
2015,KyrgyzRepublic,2.012,78.0
2015,Laos,1.403,79.0
2015,Latvia,1.46,80.0
2015,Lebanon,2.735,81.0
2015,Lesotho,1.403,82.0
2015,Liberia,1.407,83.0
2015,Libya,2.661,84.0
2015,Lithuania,1.46,85.0
2015,Madagascar,1.413,86.0
2015,Malawi,1.485,87.0
2015,Malaysia,1.262,88.0
2015,Mali,2.431,89.0
2015,Mauritania,1.619,90.0
2015,Mauritius,1.0,91.0
2015,Mexico,1.786,92.0
2015,Moldova,1.805,93.0
2015,Mongolia,1.247,94.0
2015,Montenegro,1.448,95.0
2015,Morocco,1.805,96.0
2015,Mozambique,1.814,97.0
2015,Myanmar,2.17,98.0
2015,Namibia,1.201,99.0
2015,Nepal,1.407,100.0
2015,Netherlands,1.067,101.0
2015,NewZealand,1.057,102.0
2015,Nicaragua,1.403,103.0
2015,Niger,2.078,104.0
2015,Nigeria,2.579,105.0
2015,NorthKorea,2.61,106.0
2015,NorthMacedonia,1.661,107.0
2015,Norway,1.062,108.0
2015,Oman,1.403,109.0
2015,Pakistan,3.143,110.0
2015,Palestine,,111.0
2015,Panama,1.201,112.0
2015,PapuaNewGuinea,1.408,113.0
2015,Paraguay,1.604,114.0
2015,Peru,1.413,115.0
2015,Philippines,2.387,116.0
2015,Poland,1.259,117.0
2015,Portugal,1.057,118.0
2015,Qatar,1.403,119.0
2015,RepublicoftheCongo,1.604,120.0
2015,Romania,1.067,121.0
2015,Russia,2.522,122.0
2015,Rwanda,2.022,123.0
2015,SaudiArabia,1.805,124.0
2015,Senegal,1.815,125.0
2015,Serbia,1.604,126.0
2015,SierraLeone,1.423,127.0
2015,Singapore,1.057,128.0
2015,Slovakia,1.46,129.0
2015,Slovenia,1.46,130.0
2015,Somalia,3.162,131.0
2015,SouthAfrica,1.906,132.0
2015,SouthKorea,1.851,133.0
2015,SouthSudan,3.095,134.0
2015,Spain,1.057,135.0
2015,SriLanka,1.832,136.0
2015,Sudan,3.001,137.0
2015,Sweden,1.062,138.0
2015,Switzerland,1.0,139.0
2015,Syria,3.725,140.0
2015,Taiwan,1.604,141.0
2015,Tajikistan,2.022,142.0
2015,Tanzania,1.485,143.0
2015,Thailand,2.115,144.0
2015,TheGambia,1.805,145.0
2015,TimorLeste,1.403,146.0
2015,Togo,1.407,147.0
2015,TrinidadandTobago,1.201,148.0
2015,Tunisia,1.812,149.0
2015,Turkiye,2.123,150.0
2015,Turkmenistan,1.604,151.0
2015,Uganda,2.037,152.0
2015,Ukraine,2.668,153.0
2015,UnitedArabEmirates,1.264,154.0
2015,UnitedKingdom,1.096,155.0
2015,UnitedStatesofAmerica,1.728,156.0
2015,Uruguay,1.0,157.0
2015,Uzbekistan,1.805,158.0
2015,Venezuela,1.615,159.0
2015,Vietnam,1.403,160.0
2015,Yemen,2.596,161.0
2015,Zambia,1.201,162.0
2015,Zimbabwe,1.851,163.0
2016,Afghanistan,3.369,1.0
2016,Albania,1.259,2.0
2016,Algeria,2.061,3.0
2016,Angola,1.403,4.0
2016,Argentina,1.403,5.0
2016,Armenia,2.093,6.0
2016,Australia,1.069,7.0
2016,Austria,1.057,8.0
2016,Azerbaijan,2.161,9.0
2016,Bahrain,2.035,10.0
2016,Bangladesh,1.637,11.0
2016,Belarus,1.805,12.0
2016,Belgium,1.078,13.0
2016,Benin,1.43,14.0
2016,Bhutan,1.421,15.0
2016,Bolivia,1.403,16.0
2016,BosniaandHerzegovina,1.46,17.0
2016,Botswana,1.0,18.0
2016,Brazil,1.029,19.0
2016,Bulgaria,1.057,20.0
2016,BurkinaFaso,1.43,21.0
2016,Burundi,2.496,22.0
2016,Cambodia,1.436,23.0
2016,Cameroon,2.478,24.0
2016,Canada,1.073,25.0
2016,CentralAfricanRepublic,2.93,26.0
2016,Chad,2.041,27.0
2016,Chile,1.0,28.0
2016,China,1.814,29.0
2016,Colombia,2.054,30.0
2016,CostaRica,1.201,31.0
2016,CotedIvoire,1.669,32.0
2016,Croatia,1.259,33.0
2016,Cuba,1.805,34.0
2016,Cyprus,1.604,35.0
2016,CzechRepublic,1.057,36.0
2016,DemocraticRepublicoftheCongo,2.731,37.0
2016,Denmark,1.069,38.0
2016,Djibouti,1.664,39.0
2016,DominicanRepublic,1.403,40.0
2016,Ecuador,1.604,41.0
2016,Egypt,2.305,42.0
2016,ElSalvador,1.448,43.0
2016,EquatorialGuinea,1.403,44.0
2016,Eritrea,1.805,45.0
2016,Estonia,1.469,46.0
2016,Eswatini,1.403,47.0
2016,Ethiopia,2.15,48.0
2016,Finland,1.067,49.0
2016,France,1.129,50.0
2016,Gabon,1.622,51.0
2016,Georgia,1.863,52.0
2016,Germany,1.071,53.0
2016,Ghana,1.458,54.0
2016,Greece,1.661,55.0
2016,Guatemala,1.628,56.0
2016,Guinea,1.423,57.0
2016,GuineaBissau,1.613,58.0
2016,Guyana,1.403,59.0
2016,Haiti,1.604,60.0
2016,Honduras,1.413,61.0
2016,Hungary,1.46,62.0
2016,Iceland,1.057,63.0
2016,India,2.368,64.0
2016,Indonesia,1.421,65.0
2016,Iran,2.219,66.0
2016,Iraq,3.208,67.0
2016,Ireland,1.259,68.0
2016,Israel,2.299,69.0
2016,Italy,1.067,70.0
2016,Jamaica,1.201,71.0
2016,Japan,1.403,72.0
2016,Jordan,1.684,73.0
2016,Kazakhstan,1.604,74.0
2016,Kenya,2.247,75.0
2016,Kosovo,1.805,76.0
2016,Kuwait,1.403,77.0
2016,KyrgyzRepublic,2.012,78.0
2016,Laos,1.604,79.0
2016,Latvia,1.46,80.0
2016,Lebanon,2.781,81.0
2016,Lesotho,1.403,82.0
2016,Liberia,1.412,83.0
2016,Libya,2.927,84.0
2016,Lithuania,1.46,85.0
2016,Madagascar,1.421,86.0
2016,Malawi,1.54,87.0
2016,Malaysia,1.063,88.0
2016,Mali,2.153,89.0
2016,Mauritania,1.637,90.0
2016,Mauritius,1.0,91.0
2016,Mexico,1.889,92.0
2016,Moldova,1.824,93.0
2016,Mongolia,1.259,94.0
2016,Montenegro,1.46,95.0
2016,Morocco,1.824,96.0
2016,Mozambique,1.817,97.0
2016,Myanmar,1.944,98.0
2016,Namibia,1.201,99.0
2016,Nepal,1.43,100.0
2016,Netherlands,1.073,101.0
2016,NewZealand,1.057,102.0
2016,Nicaragua,1.403,103.0
2016,Niger,1.944,104.0
2016,Nigeria,3.175,105.0
2016,NorthKorea,2.61,106.0
2016,NorthMacedonia,1.863,107.0
2016,Norway,1.067,108.0
2016,Oman,1.403,109.0
2016,Pakistan,3.255,110.0
2016,Palestine,2.88,111.0
2016,Panama,1.201,112.0
2016,PapuaNewGuinea,1.408,113.0
2016,Paraguay,1.622,114.0
2016,Peru,1.426,115.0
2016,Philippines,2.37,116.0
2016,Poland,1.259,117.0
2016,Portugal,1.057,118.0
2016,Qatar,1.403,119.0
2016,RepublicoftheCongo,1.622,120.0
2016,Romania,1.062,121.0
2016,Russia,2.596,122.0
2016,Rwanda,1.957,123.0
2016,SaudiArabia,2.018,124.0
2016,Senegal,1.838,125.0
2016,Serbia,1.622,126.0
2016,SierraLeone,1.439,127.0
2016,Singapore,1.046,128.0
2016,Slovakia,1.46,129.0
2016,Slovenia,1.46,130.0
2016,Somalia,3.11,131.0
2016,SouthAfrica,1.76,132.0
2016,SouthKorea,1.863,133.0
2016,SouthSudan,3.203,134.0
2016,Spain,1.057,135.0
2016,SriLanka,1.622,136.0
2016,Sudan,2.937,137.0
2016,Sweden,1.067,138.0
2016,Switzerland,1.0,139.0
2016,Syria,3.828,140.0
2016,Taiwan,1.604,141.0
2016,Tajikistan,2.026,142.0
2016,Tanzania,1.559,143.0
2016,Thailand,1.905,144.0
2016,TheGambia,1.805,145.0
2016,TimorLeste,1.403,146.0
2016,Togo,1.412,147.0
2016,TrinidadandTobago,1.201,148.0
2016,Tunisia,1.84,149.0
2016,Turkiye,2.319,150.0
2016,Turkmenistan,1.604,151.0
2016,Uganda,1.928,152.0
2016,Ukraine,3.275,153.0
2016,UnitedArabEmirates,1.477,154.0
2016,UnitedKingdom,1.101,155.0
2016,UnitedStatesofAmerica,1.758,156.0
2016,Uruguay,1.0,157.0
2016,Uzbekistan,1.805,158.0
2016,Venezuela,2.022,159.0
2016,Vietnam,1.403,160.0
2016,Yemen,2.964,161.0
2016,Zambia,1.22,162.0
2016,Zimbabwe,1.851,163.0
2017,Afghanistan,3.48,1.0
2017,Albania,1.247,2.0
2017,Algeria,2.067,3.0
2017,Angola,1.403,4.0
2017,Argentina,1.403,5.0
2017,Armenia,2.175,6.0
2017,Australia,1.069,7.0
2017,Austria,1.055,8.0
2017,Azerbaijan,2.114,9.0
2017,Bahrain,2.092,10.0
2017,Bangladesh,1.73,11.0
2017,Belarus,1.805,12.0
2017,Belgium,1.087,13.0
2017,Benin,1.458,14.0
2017,Bhutan,1.448,15.0
2017,Bolivia,1.421,16.0
2017,BosniaandHerzegovina,1.86,17.0
2017,Botswana,1.0,18.0
2017,Brazil,1.048,19.0
2017,Bulgaria,1.046,20.0
2017,BurkinaFaso,1.458,21.0
2017,Burundi,2.366,22.0
2017,Cambodia,1.463,23.0
2017,Cameroon,2.623,24.0
2017,Canada,1.069,25.0
2017,CentralAfricanRepublic,2.783,26.0
2017,Chad,2.44,27.0
2017,Chile,1.0,28.0
2017,China,1.873,29.0
2017,Colombia,2.057,30.0
2017,CostaRica,1.201,31.0
2017,CotedIvoire,1.692,32.0
2017,Croatia,1.448,33.0
2017,Cuba,1.805,34.0
2017,Cyprus,1.604,35.0
2017,CzechRepublic,1.055,36.0
2017,DemocraticRepublicoftheCongo,2.661,37.0
2017,Denmark,1.279,38.0
2017,Djibouti,1.694,39.0
2017,DominicanRepublic,1.403,40.0
2017,Ecuador,1.403,41.0
2017,Egypt,2.563,42.0
2017,ElSalvador,1.458,43.0
2017,EquatorialGuinea,1.403,44.0
2017,Eritrea,1.851,45.0
2017,Estonia,1.467,46.0
2017,Eswatini,1.403,47.0
2017,Ethiopia,2.415,48.0
2017,Finland,1.266,49.0
2017,France,1.389,50.0
2017,Gabon,1.641,51.0
2017,Georgia,1.851,52.0
2017,Germany,1.064,53.0
2017,Ghana,1.497,54.0
2017,Greece,1.851,55.0
2017,Guatemala,1.646,56.0
2017,Guinea,1.45,57.0
2017,GuineaBissau,1.622,58.0
2017,Guyana,1.403,59.0
2017,Haiti,1.604,60.0
2017,Honduras,1.403,61.0
2017,Hungary,1.467,62.0
2017,Iceland,1.046,63.0
2017,India,2.322,64.0
2017,Indonesia,1.448,65.0
2017,Iran,2.512,66.0
2017,Iraq,3.271,67.0
2017,Ireland,1.247,68.0
2017,Israel,2.118,69.0
2017,Italy,1.064,70.0
2017,Jamaica,1.201,71.0
2017,Japan,1.403,72.0
2017,Jordan,1.775,73.0
2017,Kazakhstan,1.604,74.0
2017,Kenya,2.326,75.0
2017,Kosovo,1.805,76.0
2017,Kuwait,1.672,77.0
2017,KyrgyzRepublic,2.006,78.0
2017,Laos,1.403,79.0
2017,Latvia,1.458,80.0
2017,Lebanon,2.793,81.0
2017,Lesotho,1.604,82.0
2017,Liberia,1.421,83.0
2017,Libya,3.023,84.0
2017,Lithuania,1.448,85.0
2017,Madagascar,1.448,86.0
2017,Malawi,1.54,87.0
2017,Malaysia,1.051,88.0
2017,Mali,2.177,89.0
2017,Mauritania,1.659,90.0
2017,Mauritius,1.0,91.0
2017,Mexico,2.091,92.0
2017,Moldova,1.842,93.0
2017,Mongolia,1.247,94.0
2017,Montenegro,1.448,95.0
2017,Morocco,1.888,96.0
2017,Mozambique,1.615,97.0
2017,Myanmar,2.057,98.0
2017,Namibia,1.201,99.0
2017,Nepal,1.458,100.0
2017,Netherlands,1.083,101.0
2017,NewZealand,1.046,102.0
2017,Nicaragua,1.403,103.0
2017,Niger,2.4,104.0
2017,Nigeria,3.236,105.0
2017,NorthKorea,2.61,106.0
2017,NorthMacedonia,1.851,107.0
2017,Norway,1.266,108.0
2017,Oman,1.403,109.0
2017,Pakistan,3.199,110.0
2017,Palestine,2.505,111.0
2017,Panama,1.201,112.0
2017,PapuaNewGuinea,1.408,113.0
2017,Paraguay,1.641,114.0
2017,Peru,1.439,115.0
2017,Philippines,2.398,116.0
2017,Poland,1.448,117.0
2017,Portugal,1.055,118.0
2017,Qatar,1.247,119.0
2017,RepublicoftheCongo,1.641,120.0
2017,Romania,1.073,121.0
2017,Russia,2.738,122.0
2017,Rwanda,1.939,123.0
2017,SaudiArabia,2.493,124.0
2017,Senegal,1.866,125.0
2017,Serbia,1.641,126.0
2017,SierraLeone,1.46,127.0
2017,Singapore,1.034,128.0
2017,Slovakia,1.448,129.0
2017,Slovenia,1.448,130.0
2017,Somalia,3.021,131.0
2017,SouthAfrica,1.76,132.0
2017,SouthKorea,1.851,133.0
2017,SouthSudan,3.19,134.0
2017,Spain,1.046,135.0
2017,SriLanka,1.641,136.0
2017,Sudan,3.01,137.0
2017,Sweden,1.266,138.0
2017,Switzerland,1.009,139.0
2017,Syria,3.828,140.0
2017,Taiwan,1.604,141.0
2017,Tajikistan,2.021,142.0
2017,Tanzania,1.577,143.0
2017,Thailand,1.914,144.0
2017,TheGambia,2.034,145.0
2017,TimorLeste,1.403,146.0
2017,Togo,1.439,147.0
2017,TrinidadandTobago,1.201,148.0
2017,Tunisia,1.908,149.0
2017,Turkiye,2.767,150.0
2017,Turkmenistan,1.805,151.0
2017,Uganda,1.917,152.0
2017,Ukraine,3.172,153.0
2017,UnitedArabEmirates,1.517,154.0
2017,UnitedKingdom,1.106,155.0
2017,UnitedStatesofAmerica,2.123,156.0
2017,Uruguay,1.0,157.0
2017,Uzbekistan,1.805,158.0
2017,Venezuela,2.025,159.0
2017,Vietnam,1.421,160.0
2017,Yemen,3.417,161.0
2017,Zambia,1.238,162.0
2017,Zimbabwe,1.851,163.0
2018,Afghanistan,3.513,1.0
2018,Albania,1.236,2.0
2018,Algeria,2.063,3.0
2018,Angola,1.61,4.0
2018,Argentina,1.201,5.0
2018,Armenia,2.13,6.0
2018,Australia,1.069,7.0
2018,Austria,1.048,8.0
2018,Azerbaijan,2.129,9.0
2018,Bahrain,2.144,10.0
2018,Bangladesh,2.131,11.0
2018,Belarus,1.805,12.0
2018,Belgium,1.327,13.0
2018,Benin,1.462,14.0
2018,Bhutan,1.453,15.0
2018,Bolivia,1.421,16.0
2018,BosniaandHerzegovina,1.849,17.0
2018,Botswana,1.0,18.0
2018,Brazil,1.042,19.0
2018,Bulgaria,1.034,20.0
2018,BurkinaFaso,1.669,21.0
2018,Burundi,2.35,22.0
2018,Cambodia,1.462,23.0
2018,Cameroon,2.61,24.0
2018,Canada,1.069,25.0
2018,CentralAfricanRepublic,2.783,26.0
2018,Chad,2.272,27.0
2018,Chile,1.0,28.0
2018,China,1.834,29.0
2018,Colombia,2.036,30.0
2018,CostaRica,1.201,31.0
2018,CotedIvoire,1.881,32.0
2018,Croatia,1.437,33.0
2018,Cuba,1.805,34.0
2018,Cyprus,1.604,35.0
2018,CzechRepublic,1.048,36.0
2018,DemocraticRepublicoftheCongo,3.035,37.0
2018,Denmark,1.284,38.0
2018,Djibouti,1.907,39.0
2018,DominicanRepublic,1.403,40.0
2018,Ecuador,1.403,41.0
2018,Egypt,2.508,42.0
2018,ElSalvador,1.451,43.0
2018,EquatorialGuinea,1.403,44.0
2018,Eritrea,2.104,45.0
2018,Estonia,1.46,46.0
2018,Eswatini,1.403,47.0
2018,Ethiopia,2.503,48.0
2018,Finland,1.259,49.0
2018,France,1.401,50.0
2018,Gabon,1.641,51.0
2018,Georgia,1.84,52.0
2018,Germany,1.184,53.0
2018,Ghana,1.513,54.0
2018,Greece,1.84,55.0
2018,Guatemala,1.641,56.0
2018,Guinea,1.449,57.0
2018,GuineaBissau,1.627,58.0
2018,Guyana,1.403,59.0
2018,Haiti,1.604,60.0
2018,Honduras,1.403,61.0
2018,Hungary,1.46,62.0
2018,Iceland,1.034,63.0
2018,India,2.374,64.0
2018,Indonesia,1.453,65.0
2018,Iran,2.616,66.0
2018,Iraq,3.129,67.0
2018,Ireland,1.236,68.0
2018,Israel,2.131,69.0
2018,Italy,1.057,70.0
2018,Jamaica,1.201,71.0
2018,Japan,1.403,72.0
2018,Jordan,2.047,73.0
2018,Kazakhstan,1.604,74.0
2018,Kenya,2.259,75.0
2018,Kosovo,1.805,76.0
2018,Kuwait,1.516,77.0
2018,KyrgyzRepublic,2.006,78.0
2018,Laos,1.403,79.0
2018,Latvia,1.446,80.0
2018,Lebanon,2.765,81.0
2018,Lesotho,1.805,82.0
2018,Liberia,1.426,83.0
2018,Libya,3.143,84.0
2018,Lithuania,1.442,85.0
2018,Madagascar,1.453,86.0
2018,Malawi,1.54,87.0
2018,Malaysia,1.04,88.0
2018,Mali,2.177,89.0
2018,Mauritania,1.664,90.0
2018,Mauritius,1.0,91.0
2018,Mexico,2.058,92.0
2018,Moldova,1.842,93.0
2018,Mongolia,1.236,94.0
2018,Montenegro,1.437,95.0
2018,Morocco,1.934,96.0
2018,Mozambique,1.828,97.0
2018,Myanmar,1.951,98.0
2018,Namibia,1.201,99.0
2018,Nepal,1.462,100.0
2018,Netherlands,1.088,101.0
2018,NewZealand,1.034,102.0
2018,Nicaragua,1.403,103.0
2018,Niger,2.429,104.0
2018,Nigeria,2.869,105.0
2018,NorthKorea,2.61,106.0
2018,NorthMacedonia,1.84,107.0
2018,Norway,1.259,108.0
2018,Oman,1.403,109.0
2018,Pakistan,3.229,110.0
2018,Palestine,2.497,111.0
2018,Panama,1.201,112.0
2018,PapuaNewGuinea,1.408,113.0
2018,Paraguay,1.641,114.0
2018,Peru,1.439,115.0
2018,Philippines,2.224,116.0
2018,Poland,1.437,117.0
2018,Portugal,1.048,118.0
2018,Qatar,1.696,119.0
2018,RepublicoftheCongo,1.862,120.0
2018,Romania,1.067,121.0
2018,Russia,2.861,122.0
2018,Rwanda,2.054,123.0
2018,SaudiArabia,2.551,124.0
2018,Senegal,1.664,125.0
2018,Serbia,1.641,126.0
2018,SierraLeone,1.476,127.0
2018,Singapore,1.023,128.0
2018,Slovakia,1.437,129.0
2018,Slovenia,1.437,130.0
2018,Somalia,3.036,131.0
2018,SouthAfrica,1.76,132.0
2018,SouthKorea,1.84,133.0
2018,SouthSudan,3.094,134.0
2018,Spain,1.236,135.0
2018,SriLanka,1.641,136.0
2018,Sudan,2.976,137.0
2018,Sweden,1.259,138.0
2018,Switzerland,1.014,139.0
2018,Syria,3.828,140.0
2018,Taiwan,1.604,141.0
2018,Tajikistan,2.016,142.0
2018,Tanzania,1.577,143.0
2018,Thailand,1.896,144.0
2018,TheGambia,1.636,145.0
2018,TimorLeste,1.403,146.0
2018,Togo,1.846,147.0
2018,TrinidadandTobago,1.201,148.0
2018,Tunisia,1.909,149.0
2018,Turkiye,3.256,150.0
2018,Turkmenistan,1.805,151.0
2018,Uganda,2.131,152.0
2018,Ukraine,2.997,153.0
2018,UnitedArabEmirates,1.563,154.0
2018,UnitedKingdom,1.106,155.0
2018,UnitedStatesofAmerica,2.0,156.0
2018,Uruguay,1.0,157.0
2018,Uzbekistan,1.805,158.0
2018,Venezuela,2.237,159.0
2018,Vietnam,1.421,160.0
2018,Yemen,3.368,161.0
2018,Zambia,1.238,162.0
2018,Zimbabwe,1.805,163.0
2019,Afghanistan,3.636,1.0
2019,Albania,1.224,2.0
2019,Algeria,2.057,3.0
2019,Angola,1.615,4.0
2019,Argentina,1.201,5.0
2019,Armenia,2.105,6.0
2019,Australia,1.069,7.0
2019,Austria,1.046,8.0
2019,Azerbaijan,2.127,9.0
2019,Bahrain,2.179,10.0
2019,Bangladesh,2.18,11.0
2019,Belarus,1.805,12.0
2019,Belgium,1.133,13.0
2019,Benin,1.49,14.0
2019,Bhutan,1.462,15.0
2019,Bolivia,1.421,16.0
2019,BosniaandHerzegovina,1.846,17.0
2019,Botswana,1.0,18.0
2019,Brazil,1.764,19.0
2019,Bulgaria,1.023,20.0
2019,BurkinaFaso,1.927,21.0
2019,Burundi,2.376,22.0
2019,Cambodia,1.49,23.0
2019,Cameroon,2.69,24.0
2019,Canada,1.057,25.0
2019,CentralAfricanRepublic,2.965,26.0
2019,Chad,2.508,27.0
2019,Chile,1.0,28.0
2019,China,1.641,29.0
2019,Colombia,2.043,30.0
2019,CostaRica,1.201,31.0
2019,CotedIvoire,1.702,32.0
2019,Croatia,1.426,33.0
2019,Cuba,1.805,34.0
2019,Cyprus,1.604,35.0
2019,CzechRepublic,1.046,36.0
2019,DemocraticRepublicoftheCongo,3.264,37.0
2019,Denmark,1.282,38.0
2019,Djibouti,1.925,39.0
2019,DominicanRepublic,1.403,40.0
2019,Ecuador,1.403,41.0
2019,Egypt,2.505,42.0
2019,ElSalvador,1.448,43.0
2019,EquatorialGuinea,1.403,44.0
2019,Eritrea,1.747,45.0
2019,Estonia,1.458,46.0
2019,Eswatini,1.403,47.0
2019,Ethiopia,2.487,48.0
2019,Finland,1.256,49.0
2019,France,1.256,50.0
2019,Gabon,1.659,51.0
2019,Georgia,1.828,52.0
2019,Germany,1.077,53.0
2019,Ghana,1.54,54.0
2019,Greece,1.828,55.0
2019,Guatemala,1.641,56.0
2019,Guinea,1.477,57.0
2019,GuineaBissau,1.636,58.0
2019,Guyana,1.403,59.0
2019,Haiti,1.604,60.0
2019,Honduras,1.403,61.0
2019,Hungary,1.476,62.0
2019,Iceland,1.023,63.0
2019,India,2.563,64.0
2019,Indonesia,1.481,65.0
2019,Iran,2.718,66.0
2019,Iraq,3.201,67.0
2019,Ireland,1.224,68.0
2019,Israel,2.315,69.0
2019,Italy,1.055,70.0
2019,Jamaica,1.201,71.0
2019,Japan,1.403,72.0
2019,Jordan,1.722,73.0
2019,Kazakhstan,1.604,74.0
2019,Kenya,2.262,75.0
2019,Kosovo,1.805,76.0
2019,Kuwait,1.516,77.0
2019,KyrgyzRepublic,2.006,78.0
2019,Laos,1.403,79.0
2019,Latvia,1.444,80.0
2019,Lebanon,2.83,81.0
2019,Lesotho,1.805,82.0
2019,Liberia,1.435,83.0
2019,Libya,3.122,84.0
2019,Lithuania,1.439,85.0
2019,Madagascar,1.453,86.0
2019,Malawi,1.605,87.0
2019,Malaysia,1.034,88.0
2019,Mali,2.307,89.0
2019,Mauritania,1.691,90.0
2019,Mauritius,1.0,91.0
2019,Mexico,2.072,92.0
2019,Moldova,1.842,93.0
2019,Mongolia,1.224,94.0
2019,Montenegro,1.426,95.0
2019,Morocco,1.998,96.0
2019,Mozambique,1.62,97.0
2019,Myanmar,2.424,98.0
2019,Namibia,1.201,99.0
2019,Nepal,1.49,100.0
2019,Netherlands,1.086,101.0
2019,NewZealand,1.023,102.0
2019,Nicaragua,2.006,103.0
2019,Niger,2.459,104.0
2019,Nigeria,2.863,105.0
2019,NorthKorea,2.61,106.0
2019,NorthMacedonia,1.627,107.0
2019,Norway,1.256,108.0
2019,Oman,1.403,109.0
2019,Pakistan,3.146,110.0
2019,Palestine,2.435,111.0
2019,Panama,1.201,112.0
2019,PapuaNewGuinea,1.403,113.0
2019,Paraguay,1.641,114.0
2019,Peru,1.458,115.0
2019,Philippines,2.384,116.0
2019,Poland,1.426,117.0
2019,Portugal,1.064,118.0
2019,Qatar,1.54,119.0
2019,RepublicoftheCongo,1.669,120.0
2019,Romania,1.083,121.0
2019,Russia,2.885,122.0
2019,Rwanda,1.75,123.0
2019,SaudiArabia,2.568,124.0
2019,Senegal,1.691,125.0
2019,Serbia,1.659,126.0
2019,SierraLeone,1.485,127.0
2019,Singapore,1.011,128.0
2019,Slovakia,1.426,129.0
2019,Slovenia,1.426,130.0
2019,Somalia,3.016,131.0
2019,SouthAfrica,1.824,132.0
2019,SouthKorea,1.828,133.0
2019,SouthSudan,3.099,134.0
2019,Spain,1.404,135.0
2019,SriLanka,1.668,136.0
2019,Sudan,2.893,137.0
2019,Sweden,1.34,138.0
2019,Switzerland,1.023,139.0
2019,Syria,3.828,140.0
2019,Taiwan,1.604,141.0
2019,Tajikistan,2.016,142.0
2019,Tanzania,1.674,143.0
2019,Thailand,1.889,144.0
2019,TheGambia,1.462,145.0
2019,TimorLeste,1.403,146.0
2019,Togo,1.874,147.0
2019,TrinidadandTobago,1.201,148.0
2019,Tunisia,1.725,149.0
2019,Turkiye,3.088,150.0
2019,Turkmenistan,1.805,151.0
2019,Uganda,1.962,152.0
2019,Ukraine,3.021,153.0
2019,UnitedArabEmirates,1.598,154.0
2019,UnitedKingdom,1.11,155.0
2019,UnitedStatesofAmerica,2.094,156.0
2019,Uruguay,1.0,157.0
2019,Uzbekistan,1.805,158.0
2019,Venezuela,2.24,159.0
2019,Vietnam,1.421,160.0
2019,Yemen,3.603,161.0
2019,Zambia,1.256,162.0
2019,Zimbabwe,2.006,163.0
2020,Afghanistan,3.626,1.0
2020,Albania,1.414,2.0
2020,Algeria,2.041,3.0
2020,Angola,1.413,4.0
2020,Argentina,1.201,5.0
2020,Armenia,1.695,6.0
2020,Australia,1.102,7.0
2020,Austria,1.044,8.0
2020,Azerbaijan,1.637,9.0
2020,Bahrain,2.023,10.0
2020,Bangladesh,1.991,11.0
2020,Belarus,1.805,12.0
2020,Belgium,1.188,13.0
2020,Benin,2.117,14.0
2020,Bhutan,1.471,15.0
2020,Bolivia,1.421,16.0
2020,BosniaandHerzegovina,1.844,17.0
2020,Botswana,1.0,18.0
2020,Brazil,1.769,19.0
2020,Bulgaria,1.011,20.0
2020,BurkinaFaso,2.016,21.0
2020,Burundi,2.513,22.0
2020,Cambodia,1.513,23.0
2020,Cameroon,2.892,24.0
2020,Canada,1.055,25.0
2020,CentralAfricanRepublic,2.836,26.0
2020,Chad,2.52,27.0
2020,Chile,1.403,28.0
2020,China,1.646,29.0
2020,Colombia,2.08,30.0
2020,CostaRica,1.201,31.0
2020,CotedIvoire,1.725,32.0
2020,Croatia,1.414,33.0
2020,Cuba,1.805,34.0
2020,Cyprus,1.604,35.0
2020,CzechRepublic,1.044,36.0
2020,DemocraticRepublicoftheCongo,3.128,37.0
2020,Denmark,1.279,38.0
2020,Djibouti,1.956,39.0
2020,DominicanRepublic,1.403,40.0
2020,Ecuador,1.604,41.0
2020,Egypt,2.517,42.0
2020,ElSalvador,1.446,43.0
2020,EquatorialGuinea,1.403,44.0
2020,Eritrea,1.793,45.0
2020,Estonia,1.451,46.0
2020,Eswatini,1.403,47.0
2020,Ethiopia,2.574,48.0
2020,Finland,1.249,49.0
2020,France,1.409,50.0
2020,Gabon,1.677,51.0
2020,Georgia,1.817,52.0
2020,Germany,1.07,53.0
2020,Ghana,1.57,54.0
2020,Greece,1.817,55.0
2020,Guatemala,1.65,56.0
2020,Guinea,1.494,57.0
2020,GuineaBissau,1.631,58.0
2020,Guyana,1.403,59.0
2020,Haiti,1.82,60.0
2020,Honduras,1.403,61.0
2020,Hungary,1.474,62.0
2020,Iceland,1.011,63.0
2020,India,2.584,64.0
2020,Indonesia,1.715,65.0
2020,Iran,3.044,66.0
2020,Iraq,2.946,67.0
2020,Ireland,1.213,68.0
2020,Israel,2.191,69.0
2020,Italy,1.048,70.0
2020,Jamaica,1.201,71.0
2020,Japan,1.403,72.0
2020,Jordan,1.745,73.0
2020,Kazakhstan,1.604,74.0
2020,Kenya,2.268,75.0
2020,Kosovo,1.805,76.0
2020,Kuwait,1.516,77.0
2020,KyrgyzRepublic,2.006,78.0
2020,Laos,1.403,79.0
2020,Latvia,1.442,80.0
2020,Lebanon,2.528,81.0
2020,Lesotho,1.805,82.0
2020,Liberia,1.439,83.0
2020,Libya,3.103,84.0
2020,Lithuania,1.437,85.0
2020,Madagascar,1.481,86.0
2020,Malawi,1.742,87.0
2020,Malaysia,1.017,88.0
2020,Mali,2.523,89.0
2020,Mauritania,1.714,90.0
2020,Mauritius,1.0,91.0
2020,Mexico,2.481,92.0
2020,Moldova,1.842,93.0
2020,Mongolia,1.213,94.0
2020,Montenegro,1.414,95.0
2020,Morocco,2.062,96.0
2020,Mozambique,1.858,97.0
2020,Myanmar,2.15,98.0
2020,Namibia,1.201,99.0
2020,Nepal,1.513,100.0
2020,Netherlands,1.088,101.0
2020,NewZealand,1.021,102.0
2020,Nicaragua,2.006,103.0
2020,Niger,2.495,104.0
2020,Nigeria,3.059,105.0
2020,NorthKorea,2.61,106.0
2020,NorthMacedonia,1.615,107.0
2020,Norway,1.249,108.0
2020,Oman,1.403,109.0
2020,Pakistan,3.265,110.0
2020,Palestine,2.619,111.0
2020,Panama,1.403,112.0
2020,PapuaNewGuinea,1.403,113.0
2020,Paraguay,1.439,114.0
2020,Peru,1.476,115.0
2020,Philippines,2.245,116.0
2020,Poland,1.414,117.0
2020,Portugal,1.08,118.0
2020,Qatar,1.54,119.0
2020,RepublicoftheCongo,1.687,120.0
2020,Romania,1.099,121.0
2020,Russia,2.898,122.0
2020,Rwanda,1.742,123.0
2020,SaudiArabia,2.485,124.0
2020,Senegal,1.513,125.0
2020,Serbia,1.677,126.0
2020,SierraLeone,1.497,127.0
2020,Singapore,1.0,128.0
2020,Slovakia,1.414,129.0
2020,Slovenia,1.414,130.0
2020,Somalia,3.095,131.0
2020,SouthAfrica,1.772,132.0
2020,SouthKorea,1.817,133.0
2020,SouthSudan,3.089,134.0
2020,Spain,1.28,135.0
2020,SriLanka,1.696,136.0
2020,Sudan,2.891,137.0
2020,Sweden,1.308,138.0
2020,Switzerland,1.032,139.0
2020,Syria,3.828,140.0
2020,Taiwan,1.604,141.0
2020,Tajikistan,2.068,142.0
2020,Tanzania,1.619,143.0
2020,Thailand,1.893,144.0
2020,TheGambia,1.49,145.0
2020,TimorLeste,1.403,146.0
2020,Togo,1.897,147.0
2020,TrinidadandTobago,1.201,148.0
2020,Tunisia,1.747,149.0
2020,Turkiye,3.021,150.0
2020,Turkmenistan,1.805,151.0
2020,Uganda,2.202,152.0
2020,Ukraine,2.965,153.0
2020,UnitedArabEmirates,1.833,154.0
2020,UnitedKingdom,1.305,155.0
2020,UnitedStatesofAmerica,2.016,156.0
2020,Uruguay,1.0,157.0
2020,Uzbekistan,1.805,158.0
2020,Venezuela,2.246,159.0
2020,Vietnam,1.421,160.0
2020,Yemen,3.501,161.0
2020,Zambia,1.286,162.0
2020,Zimbabwe,2.006,163.0
2021,Afghanistan,3.626,1.0
2021,Albania,1.403,2.0
2021,Algeria,1.832,3.0
2021,Angola,1.621,4.0
2021,Argentina,1.201,5.0
2021,Armenia,1.876,6.0
2021,Australia,1.062,7.0
2021,Austria,1.041,8.0
2021,Azerbaijan,1.821,9.0
2021,Bahrain,2.058,10.0
2021,Bangladesh,1.996,11.0
2021,Belarus,2.208,12.0
2021,Belgium,1.135,13.0
2021,Benin,1.749,14.0
2021,Bhutan,1.462,15.0
2021,Bolivia,1.421,16.0
2021,BosniaandHerzegovina,1.842,17.0
2021,Botswana,1.0,18.0
2021,Brazil,1.729,19.0
2021,Bulgaria,1.0,20.0
2021,BurkinaFaso,2.459,21.0
2021,Burundi,2.456,22.0
2021,Cambodia,1.719,23.0
2021,Cameroon,2.932,24.0
2021,Canada,1.041,25.0
2021,CentralAfricanRepublic,2.758,26.0
2021,Chad,2.577,27.0
2021,Chile,1.201,28.0
2021,China,1.852,29.0
2021,Colombia,2.073,30.0
2021,CostaRica,1.201,31.0
2021,CotedIvoire,1.729,32.0
2021,Croatia,1.201,33.0
2021,Cuba,1.805,34.0
2021,Cyprus,1.604,35.0
2021,CzechRepublic,1.041,36.0
2021,DemocraticRepublicoftheCongo,3.16,37.0
2021,Denmark,1.266,38.0
2021,Djibouti,1.951,39.0
2021,DominicanRepublic,1.403,40.0
2021,Ecuador,1.426,41.0
2021,Egypt,2.536,42.0
2021,ElSalvador,1.444,43.0
2021,EquatorialGuinea,1.604,44.0
2021,Eritrea,1.793,45.0
2021,Estonia,1.444,46.0
2021,Eswatini,1.403,47.0
2021,Ethiopia,2.743,48.0
2021,Finland,1.243,49.0
2021,France,1.336,50.0
2021,Gabon,1.677,51.0
2021,Georgia,1.805,52.0
2021,Germany,1.063,53.0
2021,Ghana,1.575,54.0
2021,Greece,1.805,55.0
2021,Guatemala,1.641,56.0
2021,Guinea,1.517,57.0
2021,GuineaBissau,1.627,58.0
2021,Guyana,1.604,59.0
2021,Haiti,1.609,60.0
2021,Honduras,1.604,61.0
2021,Hungary,1.462,62.0
2021,Iceland,1.0,63.0
2021,India,2.525,64.0
2021,Indonesia,1.523,65.0
2021,Iran,3.106,66.0
2021,Iraq,3.06,67.0
2021,Ireland,1.009,68.0
2021,Israel,2.039,69.0
2021,Italy,1.041,70.0
2021,Jamaica,1.201,71.0
2021,Japan,1.403,72.0
2021,Jordan,1.727,73.0
2021,Kazakhstan,1.604,74.0
2021,Kenya,2.264,75.0
2021,Kosovo,1.805,76.0
2021,Kuwait,1.516,77.0
2021,KyrgyzRepublic,1.805,78.0
2021,Laos,1.403,79.0
2021,Latvia,1.439,80.0
2021,Lebanon,2.49,81.0
2021,Lesotho,1.805,82.0
2021,Liberia,1.444,83.0
2021,Libya,3.236,84.0
2021,Lithuania,1.435,85.0
2021,Madagascar,1.49,86.0
2021,Malawi,1.723,87.0
2021,Malaysia,1.005,88.0
2021,Mali,2.556,89.0
2021,Mauritania,1.719,90.0
2021,Mauritius,1.0,91.0
2021,Mexico,2.638,92.0
2021,Moldova,1.824,93.0
2021,Mongolia,1.201,94.0
2021,Montenegro,1.403,95.0
2021,Morocco,2.062,96.0
2021,Mozambique,1.978,97.0
2021,Myanmar,2.442,98.0
2021,Namibia,1.201,99.0
2021,Nepal,1.517,100.0
2021,Netherlands,1.074,101.0
2021,NewZealand,1.009,102.0
2021,Nicaragua,2.006,103.0
2021,Niger,2.578,104.0
2021,Nigeria,2.82,105.0
2021,NorthKorea,2.61,106.0
2021,NorthMacedonia,1.403,107.0
2021,Norway,1.243,108.0
2021,Oman,1.403,109.0
2021,Pakistan,3.238,110.0
2021,Palestine,2.621,111.0
2021,Panama,1.403,112.0
2021,PapuaNewGuinea,1.61,113.0
2021,Paraguay,1.421,114.0
2021,Peru,1.476,115.0
2021,Philippines,2.261,116.0
2021,Poland,1.403,117.0
2021,Portugal,1.096,118.0
2021,Qatar,1.339,119.0
2021,RepublicoftheCongo,1.693,120.0
2021,Romania,1.115,121.0
2021,Russia,2.874,122.0
2021,Rwanda,2.112,123.0
2021,SaudiArabia,2.416,124.0
2021,Senegal,1.517,125.0
2021,Serbia,1.677,126.0
2021,SierraLeone,1.501,127.0
2021,Singapore,1.0,128.0
2021,Slovakia,1.403,129.0
2021,Slovenia,1.403,130.0
2021,Somalia,3.311,131.0
2021,SouthAfrica,1.745,132.0
2021,SouthKorea,1.805,133.0
2021,SouthSudan,2.994,134.0
2021,Spain,1.296,135.0
2021,SriLanka,1.976,136.0
2021,Sudan,2.962,137.0
2021,Sweden,1.319,138.0
2021,Switzerland,1.041,139.0
2021,Syria,3.828,140.0
2021,Taiwan,1.604,141.0
2021,Tajikistan,2.028,142.0
2021,Tanzania,1.675,143.0
2021,Thailand,1.868,144.0
2021,TheGambia,1.517,145.0
2021,TimorLeste,1.403,146.0
2021,Togo,1.92,147.0
2021,TrinidadandTobago,1.201,148.0
2021,Tunisia,1.751,149.0
2021,Turkiye,3.033,150.0
2021,Turkmenistan,1.604,151.0
2021,Uganda,2.133,152.0
2021,Ukraine,2.714,153.0
2021,UnitedArabEmirates,1.701,154.0
2021,UnitedKingdom,1.134,155.0
2021,UnitedStatesofAmerica,2.016,156.0
2021,Uruguay,1.0,157.0
2021,Uzbekistan,1.805,158.0
2021,Venezuela,2.246,159.0
2021,Vietnam,1.421,160.0
2021,Yemen,3.377,161.0
2021,Zambia,1.7,162.0
2021,Zimbabwe,2.006,163.0
2022,Afghanistan,3.626,1.0
2022,Albania,1.403,2.0
2022,Algeria,2.029,3.0
2022,Angola,1.608,4.0
2022,Argentina,1.201,5.0
2022,Armenia,1.769,6.0
2022,Australia,1.261,7.0
2022,Austria,1.098,8.0
2022,Azerbaijan,1.888,9.0
2022,Bahrain,2.046,10.0
2022,Bangladesh,2.027,11.0
2022,Belarus,2.208,12.0
2022,Belgium,1.123,13.0
2022,Benin,1.74,14.0
2022,Bhutan,1.444,15.0
2022,Bolivia,1.403,16.0
2022,BosniaandHerzegovina,1.842,17.0
2022,Botswana,1.0,18.0
2022,Brazil,1.802,19.0
2022,Bulgaria,1.0,20.0
2022,BurkinaFaso,2.91,21.0
2022,Burundi,2.653,22.0
2022,Cambodia,1.719,23.0
2022,Cameroon,2.926,24.0
2022,Canada,1.039,25.0
2022,CentralAfricanRepublic,2.684,26.0
2022,Chad,2.511,27.0
2022,Chile,1.403,28.0
2022,China,1.926,29.0
2022,Colombia,2.082,30.0
2022,CostaRica,1.201,31.0
2022,CotedIvoire,1.729,32.0
2022,Croatia,1.201,33.0
2022,Cuba,1.805,34.0
2022,Cyprus,1.604,35.0
2022,CzechRepublic,1.041,36.0
2022,DemocraticRepublicoftheCongo,3.222,37.0
2022,Denmark,1.254,38.0
2022,Djibouti,1.941,39.0
2022,DominicanRepublic,1.403,40.0
2022,Ecuador,1.408,41.0
2022,Egypt,2.45,42.0
2022,ElSalvador,1.444,43.0
2022,EquatorialGuinea,1.604,44.0
2022,Eritrea,1.793,45.0
2022,Estonia,1.444,46.0
2022,Eswatini,1.604,47.0
2022,Ethiopia,3.374,48.0
2022,Finland,1.444,49.0
2022,France,1.353,50.0
2022,Gabon,1.677,51.0
2022,Georgia,1.805,52.0
2022,Germany,1.063,53.0
2022,Ghana,1.575,54.0
2022,Greece,1.805,55.0
2022,Guatemala,1.631,56.0
2022,Guinea,2.329,57.0
2022,GuineaBissau,1.618,58.0
2022,Guyana,1.604,59.0
2022,Haiti,2.051,60.0
2022,Honduras,1.604,61.0
2022,Hungary,1.444,62.0
2022,Iceland,1.0,63.0
2022,India,2.527,64.0
2022,Indonesia,1.523,65.0
2022,Iran,3.134,66.0
2022,Iraq,2.866,67.0
2022,Ireland,1.018,68.0
2022,Israel,2.088,69.0
2022,Italy,1.041,70.0
2022,Jamaica,1.201,71.0
2022,Japan,1.403,72.0
2022,Jordan,1.647,73.0
2022,Kazakhstan,1.805,74.0
2022,Kenya,2.21,75.0
2022,Kosovo,1.805,76.0
2022,Kuwait,1.448,77.0
2022,KyrgyzRepublic,2.006,78.0
2022,Laos,1.403,79.0
2022,Latvia,1.439,80.0
2022,Lebanon,2.474,81.0
2022,Lesotho,1.805,82.0
2022,Liberia,1.444,83.0
2022,Libya,3.064,84.0
2022,Lithuania,1.444,85.0
2022,Madagascar,1.49,86.0
2022,Malawi,1.797,87.0
2022,Malaysia,1.005,88.0
2022,Mali,2.826,89.0
2022,Mauritania,1.719,90.0
2022,Mauritius,1.0,91.0
2022,Mexico,2.648,92.0
2022,Moldova,2.006,93.0
2022,Mongolia,1.201,94.0
2022,Montenegro,1.403,95.0
2022,Morocco,2.016,96.0
2022,Mozambique,2.125,97.0
2022,Myanmar,2.535,98.0
2022,Namibia,1.201,99.0
2022,Nepal,1.517,100.0
2022,Netherlands,1.057,101.0
2022,NewZealand,1.009,102.0
2022,Nicaragua,2.006,103.0
2022,Niger,2.813,104.0
2022,Nigeria,2.851,105.0
2022,NorthKorea,2.61,106.0
2022,NorthMacedonia,1.403,107.0
2022,Norway,1.243,108.0
2022,Oman,1.403,109.0
2022,Pakistan,3.184,110.0
2022,Palestine,2.435,111.0
2022,Panama,1.403,112.0
2022,PapuaNewGuinea,1.408,113.0
2022,Paraguay,1.403,114.0
2022,Peru,1.525,115.0
2022,Philippines,2.274,116.0
2022,Poland,1.403,117.0
2022,Portugal,1.115,118.0
2022,Qatar,1.293,119.0
2022,RepublicoftheCongo,1.698,120.0
2022,Romania,1.517,121.0
2022,Russia,2.87,122.0
2022,Rwanda,1.987,123.0
2022,SaudiArabia,2.365,124.0
2022,Senegal,1.517,125.0
2022,Serbia,1.677,126.0
2022,SierraLeone,1.501,127.0
2022,Singapore,1.0,128.0
2022,Slovakia,1.403,129.0
2022,Slovenia,1.403,130.0
2022,Somalia,3.326,131.0
2022,SouthAfrica,1.818,132.0
2022,SouthKorea,1.805,133.0
2022,SouthSudan,3.005,134.0
2022,Spain,1.324,135.0
2022,SriLanka,1.736,136.0
2022,Sudan,3.175,137.0
2022,Sweden,1.539,138.0
2022,Switzerland,1.041,139.0
2022,Syria,3.633,140.0
2022,Taiwan,1.604,141.0
2022,Tajikistan,2.028,142.0
2022,Tanzania,1.903,143.0
2022,Thailand,1.843,144.0
2022,TheGambia,1.517,145.0
2022,TimorLeste,1.403,146.0
2022,Togo,1.92,147.0
2022,TrinidadandTobago,1.201,148.0
2022,Tunisia,1.724,149.0
2022,Turkiye,3.016,150.0
2022,Turkmenistan,1.604,151.0
2022,Uganda,1.856,152.0
2022,Ukraine,2.89,153.0
2022,UnitedArabEmirates,1.689,154.0
2022,UnitedKingdom,1.131,155.0
2022,UnitedStatesofAmerica,1.994,156.0
2022,Uruguay,1.0,157.0
2022,Uzbekistan,1.805,158.0
2022,Venezuela,2.028,159.0
2022,Vietnam,1.403,160.0
2022,Yemen,3.354,161.0
2022,Zambia,1.52,162.0
2022,Zimbabwe,2.006,163.0
2023,Afghanistan,3.434,1.0
2023,Albania,1.403,2.0
2023,Algeria,1.821,3.0
2023,Angola,1.639,4.0
2023,Argentina,1.201,5.0
2023,Armenia,1.783,6.0
2023,Australia,1.258,7.0
2023,Austria,1.068,8.0
2023,Azerbaijan,1.847,9.0
2023,Bahrain,2.035,10.0
2023,Bangladesh,1.997,11.0
2023,Belarus,2.208,12.0
2023,Belgium,1.084,13.0
2023,Benin,1.763,14.0
2023,Bhutan,1.448,15.0
2023,Bolivia,1.417,16.0
2023,BosniaandHerzegovina,1.851,17.0
2023,Botswana,1.018,18.0
2023,Brazil,1.9,19.0
2023,Bulgaria,1.201,20.0
2023,BurkinaFaso,3.005,21.0
2023,Burundi,2.267,22.0
2023,Cambodia,1.742,23.0
2023,Cameroon,2.914,24.0
2023,Canada,1.037,25.0
2023,CentralAfricanRepublic,2.831,26.0
2023,Chad,2.674,27.0
2023,Chile,1.403,28.0
2023,China,1.897,29.0
2023,Colombia,2.099,30.0
2023,CostaRica,1.201,31.0
2023,CotedIvoire,1.76,32.0
2023,Croatia,1.201,33.0
2023,Cuba,1.805,34.0
2023,Cyprus,1.604,35.0
2023,CzechRepublic,1.247,36.0
2023,DemocraticRepublicoftheCongo,3.421,37.0
2023,Denmark,1.247,38.0
2023,Djibouti,1.96,39.0
2023,DominicanRepublic,1.604,40.0
2023,Ecuador,1.676,41.0
2023,Egypt,2.362,42.0
2023,ElSalvador,1.448,43.0
2023,EquatorialGuinea,1.604,44.0
2023,Eritrea,1.787,45.0
2023,Estonia,1.448,46.0
2023,Eswatini,1.816,47.0
2023,Ethiopia,3.419,48.0
2023,Finland,1.448,49.0
2023,France,1.416,50.0
2023,Gabon,1.696,51.0
2023,Georgia,1.805,52.0
2023,Germany,1.046,53.0
2023,Ghana,1.616,54.0
2023,Greece,1.805,55.0
2023,Guatemala,1.641,56.0
2023,Guinea,2.15,57.0
2023,GuineaBissau,1.613,58.0
2023,Guyana,1.604,59.0
2023,Haiti,2.255,60.0
2023,Honduras,1.604,61.0
2023,Hungary,1.439,62.0
2023,Iceland,1.0,63.0
2023,India,2.282,64.0
2023,Indonesia,1.758,65.0
2023,Iran,3.072,66.0
2023,Iraq,2.926,67.0
2023,Ireland,1.028,68.0
2023,Israel,2.435,69.0
2023,Italy,1.046,70.0
2023,Jamaica,1.201,71.0
2023,Japan,1.403,72.0
2023,Jordan,1.602,73.0
2023,Kazakhstan,1.805,74.0
2023,Kenya,2.25,75.0
2023,Kosovo,1.805,76.0
2023,Kuwait,1.403,77.0
2023,KyrgyzRepublic,2.284,78.0
2023,Laos,1.403,79.0
2023,Latvia,1.448,80.0
2023,Lebanon,2.447,81.0
2023,Lesotho,1.824,82.0
2023,Liberia,1.448,83.0
2023,Libya,2.419,84.0
2023,Lithuania,1.448,85.0
2023,Madagascar,1.504,86.0
2023,Malawi,1.815,87.0
2023,Malaysia,1.005,88.0
2023,Mali,3.085,89.0
2023,Mauritania,1.742,90.0
2023,Mauritius,1.0,91.0
2023,Mexico,2.657,92.0
2023,Moldova,2.006,93.0
2023,Mongolia,1.201,94.0
2023,Montenegro,1.403,95.0
2023,Morocco,1.989,96.0
2023,Mozambique,2.117,97.0
2023,Myanmar,2.778,98.0
2023,Namibia,1.201,99.0
2023,Nepal,1.577,100.0
2023,Netherlands,1.055,101.0
2023,NewZealand,1.009,102.0
2023,Nicaragua,2.006,103.0
2023,Niger,2.947,104.0
2023,Nigeria,2.882,105.0
2023,NorthKorea,2.61,106.0
2023,NorthMacedonia,1.403,107.0
2023,Norway,1.448,108.0
2023,Oman,1.403,109.0
2023,Pakistan,2.943,110.0
2023,Palestine,2.659,111.0
2023,Panama,1.403,112.0
2023,PapuaNewGuinea,1.618,113.0
2023,Paraguay,1.403,114.0
2023,Peru,1.701,115.0
2023,Philippines,2.23,116.0
2023,Poland,1.604,117.0
2023,Portugal,1.138,118.0
2023,Qatar,1.247,119.0
2023,RepublicoftheCongo,1.706,120.0
2023,Romania,1.54,121.0
2023,Russia,3.445,122.0
2023,Rwanda,1.967,123.0
2023,SaudiArabia,2.184,124.0
2023,Senegal,1.54,125.0
2023,Serbia,1.897,126.0
2023,SierraLeone,1.506,127.0
2023,Singapore,1.0,128.0
2023,Slovakia,1.604,129.0
2023,Slovenia,1.403,130.0
2023,Somalia,3.131,131.0
2023,SouthAfrica,2.083,132.0
2023,SouthKorea,1.805,133.0
2023,SouthSudan,3.08,134.0
2023,Spain,1.352,135.0
2023,SriLanka,1.763,136.0
2023,Sudan,3.263,137.0
2023,Sweden,1.562,138.0
2023,Switzerland,1.046,139.0
2023,Syria,3.46,140.0
2023,Taiwan,1.604,141.0
2023,Tajikistan,2.174,142.0
2023,Tanzania,1.901,143.0
2023,Thailand,1.841,144.0
2023,TheGambia,1.54,145.0
2023,TimorLeste,1.403,146.0
2023,Togo,1.961,147.0
2023,TrinidadandTobago,1.201,148.0
2023,Tunisia,1.742,149.0
2023,Turkiye,3.088,150.0
2023,Turkmenistan,1.604,151.0
2023,Uganda,1.844,152.0
2023,Ukraine,3.47,153.0
2023,UnitedArabEmirates,1.678,154.0
2023,UnitedKingdom,1.12,155.0
2023,UnitedStatesofAmerica,1.994,156.0
2023,Uruguay,1.0,157.0
2023,Uzbekistan,1.805,158.0
2023,Venezuela,2.086,159.0
2023,Vietnam,1.403,160.0
2023,Yemen,3.486,161.0
2023,Zambia,1.577,162.0
2023,Zimbabwe,2.006,163.0
